"","comment","star"
"1"," 접속 대기열 개선은 전혀 안되네요...게임만 좋으면 뭐합니까...들어가질 못하면 의미가 없지 않나요? 물 들어올 때 노를 저어야 하듯이 제발 유저가 들어올 때 잘 커버할 수 있도록 투자를 하든 해서 개선을 해주기 바랍니다..제발 매크로성 답변말고 공지든 뭐든 내용 참고하셔서 개선책을 주세요...게임 좋아서 캐릭터에 돈 써가며 투자하는 사람들을 무시하는 것 밖에는 안됩니다. 오늘도 서버 개선 점검한다고 하지만 개선이 된게 있을까요? 최소 리니지는 접속대기열로 게임을 못하거나 그러진 않았는데...대기업과 중기업의 차이를 대놓고 보여주는...전체 리뷰접속 대기열 개선은 전혀 안되네요...게임만 좋으면 뭐합니까...들어가질 못하면 의미가 없지 않나요? 물 들어올 때 노를 저어야 하듯이 제발 유저가 들어올 때 잘 커버할 수 있도록 투자를 하든 해서 개선을 해주기 바랍니다..제발 매크로성 답변말고 공지든 뭐든 내용 참고하셔서 개선책을 주세요...게임 좋아서 캐릭터에 돈 써가며 투자하는 사람들을 무시하는 것 밖에는 안됩니다. 오늘도 서버 개선 점검한다고 하지만 개선이 된게 있을까요? 최소 리니지는 접속대기열로 게임을 못하거나 그러진 않았는데...대기업과 중기업의 차이를 대놓고 보여주는 건가요...? 그렇지 않다면 능력좀 보여주세요. 보고 무시는 하지 맙시다^^..."," 1"
"2"," 게임을 플래이하여보니 재미도있고. 새로운느낌을 받았는데요...조금 아쉬웠던게.... 화면 설정이나 설정 변경같은 기능들으 부족한것 같네요..... 또한.... 화면 비율등이나 이런 게능들도 없고..... 사냥을 하는데에 있어서는.... 조금 심심하다는 평을 내립니다. 조작키 기능이나 조작설정 변경기능같은것들을 좀 부탁드립니다."," 5"
"3"," 대기열 짜증나. 서버 인원이나 늘려줘. 모바일인데 폰으로하면 라면 끓여도 될거 같네. 폰으로는 최적화 최악. 컴퓨터로는 최적화 인정. 평일에 1~2시간정도 하는데 이건 머 다른 컨텐츠 참여 거의 불가. 힐러 거의 필요 없음. 힐 수순 미미. 최대 체력의 5%부터 시작하는데 지금 최대 체력이 1500이고 힐 한번당 75 회복. 물약이 75회복 쿨타임 2초정도 스킬은 6초였나. 빨리 렙업해서 고레벨 물약 먹으면 힐러의 힐이 무의미. 차라리 세인트는 버프를 주면 좋겠는데. 기획의도가 삽질했음. 추후 스킬도 힐러 주위에 유저가 있어야 힐을...전체 리뷰대기열 짜증나. 서버 인원이나 늘려줘. 모바일인데 폰으로하면 라면 끓여도 될거 같네. 폰으로는 최적화 최악. 컴퓨터로는 최적화 인정. 평일에 1~2시간정도 하는데 이건 머 다른 컨텐츠 참여 거의 불가. 힐러 거의 필요 없음. 힐 수순 미미. 최대 체력의 5%부터 시작하는데 지금 최대 체력이 1500이고 힐 한번당 75 회복. 물약이 75회복 쿨타임 2초정도 스킬은 6초였나. 빨리 렙업해서 고레벨 물약 먹으면 힐러의 힐이 무의미. 차라리 세인트는 버프를 주면 좋겠는데. 기획의도가 삽질했음. 추후 스킬도 힐러 주위에 유저가 있어야 힐을 받는 형태라 힐러 위치가 근딜-힐러-원딜 이런데..그럴것이 차라리 근딜을하지"," 1"
"4"," 게임을 못함. 대기열에 대한 언급이 게이머들의 가장큰 이슈인데, 노력하겠다는 답변만 하지만 대기열은 갈수록 더 심해짐. 이정도 시간이 되었으면 해결되야만 한 사항이 전혀 해결될 기미가 안보임. 게이머와 상호 대화가 전혀 안되는 운영으로 앞으로 발전이 전혀 없을거 같음. 앞으로 계속 신규 게임이 개발되는데 이런식으로 운영한다면 가까운 시일안에 유저들 다빠져나갈것임."," 1"
"5"," 게임 접속 만하믄 대기네요. 하루종일 대기만 타구. 잇네요. 이겜을 하라는거에요.하지말라구 하는거에요. 짜증나서 겜 못하긋네. 우리나라 전체인구 중에 반이상 하는가봐여? 대기만 하다가 겜 접네요. 이런겜 첨보내여. 조만간 망하겟네요. 다시 세븐나이츠2나 해야지!!!"," 1"
"6"," 엠피도 딸리고 아바타도 음...스킬도 무슨 천만원씩이나? 그래픽이 좋지만 이게 다 무슨 소용? 접속이 안되는데.. 어떤분이 가두리 양식한다고 하던데 정말 가두리 양식ㅋㅋ 렙 50도 못 찍고 접습니다~ 참, 여러분 옛날 솔로대첩 생각나십니까? 몹이 10이면 겜 유저들은 30-40명 입니다ㅋㅋㅋ 퀘스트를 하는데 진행이 안됨. 몹 찾으러 뛰어다니기 바쁨."," 1"
"7"," 1.그래픽 : 괜찮다 모바일게임 중에는 최신작이라 그런지 좋은편이다 (들어갈수있으면!) 2. 스토리 : 재밋다 북유럽신화 모티브로 진행되는 스토리는 정말 괜찮은거같다 (들어갈수있으면!!) 3. 과금 : 할사람은 해라 본인돈 써서 강해지고 이뻐지겠다는데 말리겠는가? (들어갈수있으면!!!) 4. 총평 : ....... 총평은 개뿔 그래픽이고 스토리고 과금이고 뭘할라면 들어가져야되는데 빌어먹을 접속대기는 8시부터 새벽1시까지 기다려도 100명넘게 남아있고 이따구로 운영할꺼면 게임만들지말든가 광고란 광고는 있는데로 하는데 사람들몰려서 서버...전체 리뷰1.그래픽 : 괜찮다 모바일게임 중에는 최신작이라 그런지 좋은편이다 (들어갈수있으면!) 2. 스토리 : 재밋다 북유럽신화 모티브로 진행되는 스토리는 정말 괜찮은거같다 (들어갈수있으면!!) 3. 과금 : 할사람은 해라 본인돈 써서 강해지고 이뻐지겠다는데 말리겠는가? (들어갈수있으면!!!) 4. 총평 : ....... 총평은 개뿔 그래픽이고 스토리고 과금이고 뭘할라면 들어가져야되는데 빌어먹을 접속대기는 8시부터 새벽1시까지 기다려도 100명넘게 남아있고 이따구로 운영할꺼면 게임만들지말든가 광고란 광고는 있는데로 하는데 사람들몰려서 서버 터질꺼는 생각못하냐고 접속대기? 뭐 게임이 재밌으니까 사람들이 많은거겠지? 웃기고있네 재미는 느끼기도 전에 잠든다 게임 깔고 지금까지 2번들어가졌다 장난하냐 접속대기하면서 다른거라도 할수있게 해주던가 이벤트고 뭐고 들어가야 뭘하든가 할꺼 아니야 사람들이 이정도로 서버로 얘기하면 공지 띄우고 서버 관리 해야하는거 아니냐고"," 1"
"8"," 접속대기!!! 현질까지 해놨는데 접속대기 때문에 게임을 하지를 못하다니!!!! 운영자는 어서 빨리 문제를 해결해주시기 바랍니다. 많은 사람들이 불편을 호소하고있습니다. 환불을 해주시던지 접속대기 문제를 해결해 주시던지....게임을 할수가 없잖아요. 사람 많아져서 신섭으로 옮겼는데 대기 인원 2천명.......그냥 환불해주세요!! 개선 됬다는 소식 들리면 그때 다시 시작할께요. 답장 부탁드립니다"," 1"
"9"," 며칠동안 게임을 했다. 처음에는 그나마 할만했다. 그런데.. 일단 필드드랍되는 아이템이 극악이다.. 마을의뢰해도 뽑기식으로 아이템을 받을수있어서 별 의미가 없다. 그러면 어차피 무과금으로 천천히 올려서 육성을한다? .. 할게없다. 그냥 닥사냥도 경험치를 안주고 아이템이떨어져봤자 쓸모없는것들이다 결과는 무한히 개노가다 작업을 해야한다. 회피기? 없다 그냥 쳐맞아가며 싸워야한다 클래스별 다른거없다 그냥 쳐맞아가며 피할수도없이 싸워야한다 성장의재미? 아무것도없다 그냥 뽑기해서 아바타 얻는게 가장이익이다 탈것? ㅋㅋ 웃음만나온다 여태껏뽑기...전체 리뷰며칠동안 게임을 했다. 처음에는 그나마 할만했다. 그런데.. 일단 필드드랍되는 아이템이 극악이다.. 마을의뢰해도 뽑기식으로 아이템을 받을수있어서 별 의미가 없다. 그러면 어차피 무과금으로 천천히 올려서 육성을한다? .. 할게없다. 그냥 닥사냥도 경험치를 안주고 아이템이떨어져봤자 쓸모없는것들이다 결과는 무한히 개노가다 작업을 해야한다. 회피기? 없다 그냥 쳐맞아가며 싸워야한다 클래스별 다른거없다 그냥 쳐맞아가며 피할수도없이 싸워야한다 성장의재미? 아무것도없다 그냥 뽑기해서 아바타 얻는게 가장이익이다 탈것? ㅋㅋ 웃음만나온다 여태껏뽑기 했지만 희귀딱하나 떨어지고 전부 일반이더라.. 제일어이없는건 접속불안전과 긴급점검을 밥먹듯이하고 보상이라고 주는게 음식밖에없다. 음식..? 쌓이고 쌓였다.. 결과적으로 접속을해서 할수있는게 마을의뢰 눌러놓고 사냥돌리다 핸드폰뜨거워지면 완료하고 그다음?? 없다 할수있는게 질린다.. 이걸매일같이 한다면? 이게쟈밌는사람들은 해봐라 며칠못간다.. ㅡ"," 1"
"10"," 과금 해놓고 접속도 못하고 있습니다. 환불 해주세요. 골프장이나 콘도에 회원권은 1장인데 회원을 100명~ 1000명 받은 느낌입니다. 이건 엄연한 사기 입니다. 아무리 돈에 눈이 멀어도 그렇지 감당 할 만큼만 받아야죠. 돈만내고 이용도 못하고 있다? 스트레스 이빠이~2배로 환불 해주세요."," 1"
"11"," 대기열 심화, 나아질 기미가 안보입니다. 대기열 풀리면 그건 유저들이 떠난다는 의미. 긴 대기 시간에 접속을 포기하고 그러다 보니 겜도 포기하게 됩니다. 서버 인원 확장이 어렵다면 서버이전 이라도 고려해 주세요. 좀 이라도 키운 캐릭이 아까워서 다른 서버 못가는거니 서버이전 열고 서버별 인원 한정 만들어서 유도하면 1위 자리 유지하리라 봅니다"," 3"
"12"," 솔직히 재미있는게임 입니다. 전 리니지 올드유저로써. 이제야 리니지 끝내고 옮길게임이 생겼네요. 아주 마음에드네요 굿~ 이제시작이라그런가. 잦은 임시점검 때문에 별하나 뺏습니다. 어제 보스몹 시골섭이지만 전유저 합심해서 잡는 모습에 옛날 리니지생각나서 오딘에 올인할 생각입니다. 영자님 제발~운영만 잘해주십시요"," 4"
"13"," 그래픽이야 요즘 다좋고, 방식이야 대동소이 합니다. 근데 이게임의 큰 문제점!! 대기가2000 명이라는건 하지말라는 것같습니다. 애초에 인원분배를 잘못한것 같고 개선책이 별로 없는것같습니다. 서버이전을 시켜주면 그나마 하겠지만 접속이 않되서 문의도 않되니.. 계정삭제하고 탈퇴하고 싶습니다."," 2"
"14"," 나오자 말자 플레이한 유저입니다. 게임에 각종오류로 인해 게임이 원활이 진행되지 않았고 요즘에는 운영자가 서버를 닫고 다시 여는 순간이 아니면 게임을 시작하기위한 대기시간이 기본 1시간 길면 6시간까지 걸렸습니다. 게임하는데 무슨 6시간이나 기다려야 하나요? 그로인해 게임을 계속해서 켜놓은 사람은 발할라(시간이 한정적임)나 갸름(12시,20시에 나오는 보스) 같은 기간한정 컨텐츠를 거의 독점하여 이득을 취하고 있고 저와 같은 사람들은 던전이나 마을의뢰같은 기간한정 컨텐츠를 우선적으로 하게되었습니다 이마져도 그날 중간에 하다가 종료하...전체 리뷰나오자 말자 플레이한 유저입니다. 게임에 각종오류로 인해 게임이 원활이 진행되지 않았고 요즘에는 운영자가 서버를 닫고 다시 여는 순간이 아니면 게임을 시작하기위한 대기시간이 기본 1시간 길면 6시간까지 걸렸습니다. 게임하는데 무슨 6시간이나 기다려야 하나요? 그로인해 게임을 계속해서 켜놓은 사람은 발할라(시간이 한정적임)나 갸름(12시,20시에 나오는 보스) 같은 기간한정 컨텐츠를 거의 독점하여 이득을 취하고 있고 저와 같은 사람들은 던전이나 마을의뢰같은 기간한정 컨텐츠를 우선적으로 하게되었습니다 이마져도 그날 중간에 하다가 종료하면 다시 들어가는데 대기시간 때문에 들어가지 못하면 추가으로 손해를 얻고 있습니다. 이에대해 운영팀들은 서버에 심폐소생술를 하므로써 겨우겨우 연장하고 있습니다. 차라리 이럴바에는 24시간 정도 서버를 점검하는게 낫다고 생각합니다 이로인해 각종 오딘패스같은 기간한정은 시간연장하면 되고요....... Tmi 7층 사건은 그냥 레전드다 ㅋㅋㅋㅋ"," 2"
"15"," 재미는 있는것 같은데... 버그투성이 ... 광역스킬 장판은 피해도 맞는데 왜 보여줌?? 또 피하려고 버츄얼키패드 열씨미 조작해도 이넘이 움직이질않네???... 그리고 보물상자 있는것 같아서 열씨미 기어 올라가니 해당위치가 아니라면서 갑자기 땅으로 돌려보내질않나... 렉 자체가 너무 심하고 게임 발열또한 너무 심함 그리고 대기열과 7층 관련은... 노답 ... 이정도면 서버 롤백해야 하는게 아닌가 싶은데... 이건 유저들 전체 느낄텐데 운영측은 그냥 답이 없음... 분명 잘만든게임인데... 이렇게 운영하면 제작비가 아깝지않을까 싶은...전체 리뷰재미는 있는것 같은데... 버그투성이 ... 광역스킬 장판은 피해도 맞는데 왜 보여줌?? 또 피하려고 버츄얼키패드 열씨미 조작해도 이넘이 움직이질않네???... 그리고 보물상자 있는것 같아서 열씨미 기어 올라가니 해당위치가 아니라면서 갑자기 땅으로 돌려보내질않나... 렉 자체가 너무 심하고 게임 발열또한 너무 심함 그리고 대기열과 7층 관련은... 노답 ... 이정도면 서버 롤백해야 하는게 아닌가 싶은데... 이건 유저들 전체 느낄텐데 운영측은 그냥 답이 없음... 분명 잘만든게임인데... 이렇게 운영하면 제작비가 아깝지않을까 싶은 게임"," 1"
"16"," 대기열도 많아도 재미있게 게임을 했는데 갑자기 던전지하7층 버그로 이득을 본사람들이 많은데 그냥 이대로 게임을 운영한다니 말이안되는거아닙니까? 섭전체를 다운해서 이전상태로 돌려놔야하는게 맞는거아닙니까? 너무 이문제를 가볍게보시는거아닙니까? 현질했는데 갑자기할맛이사라지네요 버그이용한사람들 이익본것들 이전상태로 복구하기힘드시면 환불부탁드림!!"," 1"
"17"," 1. 불통의 게임 : 대기열 사태로 1일 이상 접속 못하는 사람이 생기는데도 서버재시작 말고는 답이없는지.. 서버 재시작만 하고있고(재시작해도 결국엔 똑같음) 이 부분에 대하여 어떤 소통을 하고있는지 묻고싶음 2. 모바일 개적화 : 보스 클리어 위해서는 수동컨을 해야되는데 망할조작은 제대로 되지도 않고 피격판정은 피해도 처맞는게 다반사 필드보스 잡으러가면 게임 멈춤 ㅋㅋ 참고로 이폰 s21+ 등등 더 있지만 이해가 안되는 부분들이 많고 접속안되는건 진짜 말이안됨.."," 1"
"18"," 아 진짜 이런거 잘 안 쓰는데.. 게임을 즐길 수 있게 만들어야지.. 대기열 때문에 마냥 기다려야하는 건 너무하지 않나요?! 700명에서 180명으로 줄어드는데 3시간.. 숫자가 줄어들수록 더 오래 걸림 ㅡㅡ;;;;;; 환불해주세요.. 게임 안정화되면 그 때나 다시 시작할라니까.."," 1"
"19"," 게임은 재미있고 그래픽도 좋고 여러 가지 편의 기능도 적절히 갖추어서 모바일 MMORPG의 집대성이라 할 만한 게임입니다. 그런데 2시간 대기하고 대기열 절반도 안 준 거 보고 삭제 결정했습니다. 시동 거는데 4시간 걸리는 람보르기니가 무슨 가치가 있죠? 그냥 자전거 탈게요ㅋㅋ"," 1"
"20"," 그랙픽이 너무 멋지고 스토리도 소설책을 읽는듯 흥미로워요 ~ 과금을 해서 성장시키고 아바타꾸미기 하는 것도 재미있고 원하는 것이 안나오면 약간 화나지만 또 도전해보고 싶을 정도로 키우는 내 캐릭터가 멋지답니다~그랙픽이 정말 훌륭합니다~ 다만~ 대기열이 하루 하루 심해지네요~기다리다 포기하고 새벽에 눈비비고 일이나서 오딘에 접속 했는데 전 채널이 대기중~ 원래 키우는 캐릭터는 로키3에 있는데 아바타도 다야몬드도 무기도 다 가진 내 캐릭터는 다시 만날수 있을까 싶네요~ 아침에 출근해서 바쁘게 살다가 저녁때 주말에 잠깐 해봤던 몇일이 꿈...전체 리뷰그랙픽이 너무 멋지고 스토리도 소설책을 읽는듯 흥미로워요 ~ 과금을 해서 성장시키고 아바타꾸미기 하는 것도 재미있고 원하는 것이 안나오면 약간 화나지만 또 도전해보고 싶을 정도로 키우는 내 캐릭터가 멋지답니다~그랙픽이 정말 훌륭합니다~ 다만~ 대기열이 하루 하루 심해지네요~기다리다 포기하고 새벽에 눈비비고 일이나서 오딘에 접속 했는데 전 채널이 대기중~ 원래 키우는 캐릭터는 로키3에 있는데 아바타도 다야몬드도 무기도 다 가진 내 캐릭터는 다시 만날수 있을까 싶네요~ 아침에 출근해서 바쁘게 살다가 저녁때 주말에 잠깐 해봤던 몇일이 꿈만같네요~ 과연 다시 할 수 있을 까요? 이렇게 접아야하는가 봅니다~"," 5"
"21"," 마나는 계속 사용하면서 줄고 있는데 채울 방법도 없고 공급이 수요를 따라가질 못해요 보스 스킬 사용시 회피기술도 없으며 서버에 별도의 채널이 없어 접속자 포화상태가 되어 심한경우 5시간 이상을 대기해도 게임에 접속을 못 합니다 인기가 사그러져서 이용자 수가 줄어들어야 이용이 가능해 질까요 몹 리젠은 빠른편이지만 몹 보다 유저가 더 많아요 스킬 구매비용도 너무 비싸구요 골드 획득은 10~ 20골드인데 스킬은 10만 100만 비싼건 1000만~ 언제 모아서 스킬 사요 추가--오늘 7월7일 접속할려고 하니 ""이미 접속상태 입니다"" 라는데...전체 리뷰마나는 계속 사용하면서 줄고 있는데 채울 방법도 없고 공급이 수요를 따라가질 못해요 보스 스킬 사용시 회피기술도 없으며 서버에 별도의 채널이 없어 접속자 포화상태가 되어 심한경우 5시간 이상을 대기해도 게임에 접속을 못 합니다 인기가 사그러져서 이용자 수가 줄어들어야 이용이 가능해 질까요 몹 리젠은 빠른편이지만 몹 보다 유저가 더 많아요 스킬 구매비용도 너무 비싸구요 골드 획득은 10~ 20골드인데 스킬은 10만 100만 비싼건 1000만~ 언제 모아서 스킬 사요 추가--오늘 7월7일 접속할려고 하니 ""이미 접속상태 입니다"" 라는데 어찌 된건가요?"," 1"
"22"," 정말 재미나게 패키지 구매하면서 까지 했는데...대기열이 오류인지... 2틀만에 10배 증가하더니... 주말 부터 평일인 월요일도 대기만 타다가 게임을 못해서 접으려고 생각중입니다. 점심에 한번 더 정기정검을 넣어주던지 해야할듯 합니다. 작업장이 대거 들어온거같은데.. 좀 일반 유저 대기타지 않도록 해주세요..정말 이번주 까지 대기만 타면 60만원 떡 사먹었다 생각하고 접을랍니다"," 3"
"23"," 대기 2시간은 기본인 쓰레기게임..드러운게 대기열도 버그있다. 대기자수가 어느순간 1도 안준다. 평일 아침에 켜놓고 저녁 5시에도 접속을 못하고 있다. 대기하는 게임이냐? 혹시나 버그인가 해서 재접하면 대기 5백이상 다시. 이걸 하라고 만들었냐? 유료결제 하것냐?"," 1"
"24"," 리뷰 답변도 이제 귀찮은지 컨트롤 + C , V 해버리는 게임사 정말 대단해요~~그럴수밖에 없는게 전부다 불만이 게임을 못해서 그런데.. 그냥 마냥 기다리란다 ㅋㅋ 이러다 대규모 유저들한테 소송을 당해봐야 정신차리지 ... 20년 넘은 리니지도 게임들은 하루에 일정시간 접속 못하면 환불 대상인데 님들은 얼마나 버틸수 있을지... 조만간 환불 카페 하나 개설해야 할 듯 합니다.. 오딘1섭 유저입니다. 과금하고 대기만 하다가 이틀을 게임을 못하고 있습니다. 무조건 핸드폰을 게임만 하기위해 대기시켜 놓을 수도 없고 컴퓨터로 해야하는 게임...전체 리뷰리뷰 답변도 이제 귀찮은지 컨트롤 + C , V 해버리는 게임사 정말 대단해요~~그럴수밖에 없는게 전부다 불만이 게임을 못해서 그런데.. 그냥 마냥 기다리란다 ㅋㅋ 이러다 대규모 유저들한테 소송을 당해봐야 정신차리지 ... 20년 넘은 리니지도 게임들은 하루에 일정시간 접속 못하면 환불 대상인데 님들은 얼마나 버틸수 있을지... 조만간 환불 카페 하나 개설해야 할 듯 합니다.. 오딘1섭 유저입니다. 과금하고 대기만 하다가 이틀을 게임을 못하고 있습니다. 무조건 핸드폰을 게임만 하기위해 대기시켜 놓을 수도 없고 컴퓨터로 해야하는 게임인가요?? 솔직히 서버가 모자라서 대기자가 많은건 아닌거 같은데 이것도 상술인가요?? 게임이 하고 싶을때 해야하는데 대기자 숫자만 보고있다가 장소을 옮기면 또 재접속 .. 솔직히 환불 하고 싶다....이건 게임인지 대기자 숫자 줄어드는거 보는 숫자놀이인지 모를 수준... 환불 규정도 아니고 참 답답하다 ..."," 1"
"25"," 서버별 최대 접속 인원 개선 하길 바랍니다. 대기열 1700 명 넘고 수 시간 동안 접속 불가. 게임을 잘만들었던 못만들었던 접속은 해서 플래이해봐야할것 안닌가요? 양대 마켓 1위했다고 좋아하지 말고, 유저들 무시하는 그런 게임사 말고 유저분들 말에 귀기울이고 개선하는 그런 게임 만들어 가길 바랍니다."," 1"
"26"," 인기가 많은건 알겠으나 탭이나 노트북으로 케릭터 동시에 돌리는분들이 많은것 같습니다. 서로 피해를 주지도 받고 싶지도 않으나 지금 막 시작한 분들은 먼저 접속 할 수 있는 권한을 주세요. 핸폰만 접속 가능 및 한 서버당 케릭터 생성 3개까지 제한을 뒀으면 좋겠습니다. 대기 접속자가 1000명이라니 개선이 필요합니다. 그래픽 완벽 스토리 완벽 다 좋습니다. 별점은 3점 드릴게요."," 3"
"27"," 대기열로인해 게임 못하고있습니다. 대기열때문에 서버도 바꿔가면서 현질했는데 서버를바꿔도 더심해지고 그래서 겜접으려고 구굴에 현질 취소해달라하니 안된다하네요. 게임도 못하는데 돈만썻네요. 그냥 사기당한 기분이죠. 지금 스크린샷 다찍어서 증거보자하면 보여주고싶은데. 고객센터 까지 마비네요 그냥 카카오 먹칠 인거같습니다. 유재석씨가 카카오계약했다는 뉴스도 보이는데 나쁜말만 막쓰고싶은데... 토르03써버 현질했다 대기열때문에 헤임달03써버 로갔는데도 대기열로 인하여 두 써버 전액 환불 받고싶습니다. 관리자 분은 양해 답변이 아닌, 해결을 ...전체 리뷰대기열로인해 게임 못하고있습니다. 대기열때문에 서버도 바꿔가면서 현질했는데 서버를바꿔도 더심해지고 그래서 겜접으려고 구굴에 현질 취소해달라하니 안된다하네요. 게임도 못하는데 돈만썻네요. 그냥 사기당한 기분이죠. 지금 스크린샷 다찍어서 증거보자하면 보여주고싶은데. 고객센터 까지 마비네요 그냥 카카오 먹칠 인거같습니다. 유재석씨가 카카오계약했다는 뉴스도 보이는데 나쁜말만 막쓰고싶은데... 토르03써버 현질했다 대기열때문에 헤임달03써버 로갔는데도 대기열로 인하여 두 써버 전액 환불 받고싶습니다. 관리자 분은 양해 답변이 아닌, 해결을 해주시면 감사하겠습니다. 현질을 얼마안했지만 저에겐 소중한 돈입니다."," 1"
"28"," 서버 운영비는 줘야 먹고살지 싶어, 보통 패키지는 하나 사주고 시작하는편이라 '10만원 결제했음'. 그 뒤는 플레이하면서 문제점들 운영 어떻게하나 지켜보면서 과금할 예정이었는데 ㅋㅋㅋㅋㅋㅋ'응, 아니야' 문제는 다른데서 발생ㅋㅋㅋㅋㅋ 대기열때문에 그냥 이틀동안 게임 접속을 못해. 대기열도 사람이 많아서가 아니고 오류로인한 대기열. 돈 벌러 나가는 아재들이 대기열에서 버틸 시간이 어딨냐.... 접속해서 뽑기돌리는것도 화장실 똥칸에서 몰래하는데"," 2"
"29"," 대기열 진짜 뭔가요 몇 시간씩 대기하게 하고 개선해 준다고 하고 선 개선도 안 하고 대기 못할 사람은 게임하지 말고 그냥 나가라는 건가요 게임을 만들었음 게임을 할 수 있게 해야 하는 거잖아요 그런데 게임을 못하고 있는데 이게 무슨 게임입니까 너무한다는 생각 안 드시나요? 개선하고 있긴 한 건가요? 카카오 게임 관계자분 빠른 답변 부탁드립니다."," 1"
"30"," 내가 정말 웬만한 게임은 다 5개 준다 직딩이라 어느정도 현질도 한다 현재까지 12만원 정도 질럿네... 죄다 환불요청했다 머리털나고 환불 첨이네 게임 시작한지 얼마 됐다고 대기가 1800명씩 뜨냐? 서버를 고치던지?? 할수 있게 해줘야지... 오만 버그 다 튀어나오고.. 벨런스 무너지고 해도 참고 그냥했다 매일 아침 8시부터 4시간씩 섭점해도 이해했다 끝나고 대기 1800명은 너무한거 아니가??????? 최초로 환불했다. 니들이 양심이 있니? 내 아이디 들어가서 다른게임 리뷰 봐라. 직딩이 호구였다 오늘 탈출이다!!!!"," 1"
"31"," 별5개 주긴 쫌 그런거 같네요;; 일단은 기존에 나온 게임들이 다비슷하게 출시됬어요 그중에 이번에 출시 오딘이 쫌더 나은걸 알수있었네요 하지만 장비도감은 캐릭터 뽑기 등등 정말 똑같이 할수 밖에 없었나 궁금합니다. 게임 잘 만들었어요 ㅎ 뽑기 아니여도 돈을 뽑을수있는 수단은 많을탠데요; 이런점은 제가 말할게 못 되지만.. 유저입장에서 좀~ 생각좀 해주세요 서버팅김ㅎ현상 부터 시작ㅎ해서 점점 잡아가는 모습은 보기좋네요 하지만; 제발 장비 터지는건 만들지 말지 그러셨나요ㅜㅠ 저는 여기까지 쓰겠습니다 암튼 개발자님들 그냥 지나가는 게임이...전체 리뷰별5개 주긴 쫌 그런거 같네요;; 일단은 기존에 나온 게임들이 다비슷하게 출시됬어요 그중에 이번에 출시 오딘이 쫌더 나은걸 알수있었네요 하지만 장비도감은 캐릭터 뽑기 등등 정말 똑같이 할수 밖에 없었나 궁금합니다. 게임 잘 만들었어요 ㅎ 뽑기 아니여도 돈을 뽑을수있는 수단은 많을탠데요; 이런점은 제가 말할게 못 되지만.. 유저입장에서 좀~ 생각좀 해주세요 서버팅김ㅎ현상 부터 시작ㅎ해서 점점 잡아가는 모습은 보기좋네요 하지만; 제발 장비 터지는건 만들지 말지 그러셨나요ㅜㅠ 저는 여기까지 쓰겠습니다 암튼 개발자님들 그냥 지나가는 게임이라고 생각하지마시고 유저들 생각좀 반영해주셔가지고 좋은게임 운영 잘 해주세요~~ 화이팅 !!"," 4"
"32"," 첫 서버 사전예약 후 캐릭생성하고 대기시간에 밀려 신규추천서버들어가서 새로 다시 만듬. 그 마저 또 혼잡으로 신규서버 다시들어가서 다시 키웠는데 대기시간에 말려 또 신규서버뜨는데,... 몇점줄까요? 뭘 해보기도전에 캐릭만 새로 만들다 끝나고 서버 옮기라고 추천서버만 뜨고 대기는 500~1500명 .. 잠깐들어갔을때 잘만든거같아 기대했는데 서버정리되면 그때 다시해볼게요~"," 1"
"33"," 휴대폰으로 접속간신히해서 PC로 다시 잡속할려고 하니 다시 첨부터 접속대기자로 뜨네요 오류나 튕김현상으로 재접속같은경우는 바로 접속할수있어야 하는데 이런 게임은 처음보내요. 힘들게 레벌업한 유저 농락하고 지하감옥 던전7층던전에서 쉽게 레벨업해서 랭킹순위 하락시키면 어쩌라는건지요. 그럼 누가 메인퀘를 하고 30레벨후반부터 7층던전에서 자동사냥 돌리고있지 작업장게임을 만들려고 하는지 이해가 안가네요. 지하던전 레벨업제한을 두던가 전투력제한을 둬야지 이건 아니라고 봅니다. 회사대응팀에서 안일한 조치로 평점을 낮게 줘야 겠네요. 점점 실망...전체 리뷰휴대폰으로 접속간신히해서 PC로 다시 잡속할려고 하니 다시 첨부터 접속대기자로 뜨네요 오류나 튕김현상으로 재접속같은경우는 바로 접속할수있어야 하는데 이런 게임은 처음보내요. 힘들게 레벌업한 유저 농락하고 지하감옥 던전7층던전에서 쉽게 레벨업해서 랭킹순위 하락시키면 어쩌라는건지요. 그럼 누가 메인퀘를 하고 30레벨후반부터 7층던전에서 자동사냥 돌리고있지 작업장게임을 만들려고 하는지 이해가 안가네요. 지하던전 레벨업제한을 두던가 전투력제한을 둬야지 이건 아니라고 봅니다. 회사대응팀에서 안일한 조치로 평점을 낮게 줘야 겠네요. 점점 실망하는게임 카카오게임즈 한사람한사람 무시하는 태도에 평점 0점주고싶네요."," 1"
"34"," 1.발열 심각(환경설정으로 제어해서 플레이 하라고한 운영자 글을 봤는데 게임 퀄리티를 낮춰서 플레이 하라는건 어폐가 있음. 뭐하러 고사양 게임을 만들었나? 노트10이용자임) 2.대기자 문제 (100만명도 다운받지 않았는데 이정도 대기자가 많다는건 운영 방침자체가 문제. 런칭 후 사용자 폭증했다면 당연히 서버증설을 하여 해결해야 할 문제를 최적화만으로 해결하려는건 꼼수 유저기만)"," 1"
"35"," 하...열받아서 리뷰 수정 합니다. 무슨 지금까지 해본 게임중에 대기열 이렇게 긴 게임은 처음이네요 100만 500만 1000만 다운로드 하는 게임들도 대기열없이 들어가는데 고작50만 다운로드 된 게임이 대기열이 이렇게 길어요?? 서버관리 안하시나요? 다른게임 코드만 복붙한거 아니시죠?? 보스스킬은 피해도 쳐맞고, pk도 nc사 게임 처럼 패널티를 좀 세게 주던지.. 대기열 뚫고 들어가서 돌려놓고 한참뒤에 보면 pk당해서 뒤져서 게임 튕겨있고 또 접속하려면 무한 대기열 늪에 빠지고 폰 던져버리고 싶네요. 아..쓰다보니승질나네 기다리...전체 리뷰하...열받아서 리뷰 수정 합니다. 무슨 지금까지 해본 게임중에 대기열 이렇게 긴 게임은 처음이네요 100만 500만 1000만 다운로드 하는 게임들도 대기열없이 들어가는데 고작50만 다운로드 된 게임이 대기열이 이렇게 길어요?? 서버관리 안하시나요? 다른게임 코드만 복붙한거 아니시죠?? 보스스킬은 피해도 쳐맞고, pk도 nc사 게임 처럼 패널티를 좀 세게 주던지.. 대기열 뚫고 들어가서 돌려놓고 한참뒤에 보면 pk당해서 뒤져서 게임 튕겨있고 또 접속하려면 무한 대기열 늪에 빠지고 폰 던져버리고 싶네요. 아..쓰다보니승질나네 기다리다 발열되는 게임은 처음이네요 이거 빨리 개선 해주던지..코드만 잘 짜놓고 복붙만 잘하면 뭐해요 운영을 잘 해야죠 백날 업데이트만 하면 뭐합니까 대체 무엇을 업데이트 하는건지..업글 확률도 극악이고 그냥 다 터져 버리네요?이것도 역시나 실컷 터뜨려놓고 나중에 터짐방지 캐시템 나오겠네요? 차라리 다른게임들 처럼 처음부터 팔던지 유저들 농락하는 걸로만 보이네요"," 1"
"36"," 로크3 서버 7월3일 오후 7시부터 대기. 7월4일 낮 1시까지 18시간 대기해서 대기4번까지 갔는데 더이상 안내려감.. 황금같은 주말 접속도 안되고 서버당 몇명 제한해놨길래.. 심리스 오픈월드는 소수가 접속했을때 구현되는 것이었나보네요.. 대기 1,2시간은 이해하지만 18시간 대기해도 접속못하는게 이해할수 있는 수준인가요? 시간 지나가서 던전 시간도 못쓰고 발할라도 못하고 컨텐츠 전부다 못하고 렙업도 뒤쳐지고 과금했던것 환불해야겠어요."," 1"
"37"," 게임 오픈 후 너무 재미있고 괜찮은거같어 소과금정도는 하면서 게임하고있었으나, 대기열이라는 벽에 막혀 과금한걸 누리지 못하고있어 환불요청하고 게임 잠시 떠나있겠습니다. 사유는 타당하다고 생각됩니다. 게임 어느정도 안정화되면 그때 다시 시작하겠습니다."," 1"
"38"," 아진짜 잘 만든게임좀해보고싶다.. 카카오게임즈 야심차게 준비했다해서 기대했는데 참 게임 UI, 모션 등 최적화가 너무 안되어있고 폴드2 쓰는데 방향키는 가운데에 있어 움직일때마다 손꾸락 엄청 아픔. 그나마 초반엔 유저가 많아 거래소 거래가 활성화되있어 사냥하는맛?(오토)은 나는데 그래도 별 한개도 아까움"," 1"
"39"," 무슨 게임이 접속하려하면 오랜시간 접속하지 않아 시작화면으로 이동 합니다. 에러가 발생 되는 것을 못고치나요. 10분 접속 안한게 오랜시간 접속 하지 않은건지.. 3일째 접속도 못하고 재 설치 해도 안되고. 돈, 시간 투자한게 너무 너무 아깝네요."," 1"
"40"," 짜증난다 짜증나!!!! 서버인원을 게임도 못할정도로 받아놓고 무슨 게임을하라고 하는건지,,, 접속할때마다 한시간 넘게 대기해도 게임을 못하는데, 지금까지 과금한거 돌려주시렵니까? 돌려주기 싫으면 서버이전 할수있게 빨리 서버이동 해주시지요? 이게 멉니까! 이게... 욕나오는데 참는다!"," 1"
"41"," 혹시 과금자에게만 답글 남기시는건 아니죠? 재미는 있어요. 근데 처음에는 5분 정도 기다리면 접속이 됐는데 지금은 하루종일 연결 해봤더니 아예 안되네요. 낮에도 대기시간이 너무 길고요. 우선 이 대기시간이 해결이 되어야 할 것 같네요. 지금 3일째 기만 타다가 연결 못하고 있어요. 무슨 굿즈 사려고 기다리는 것 같아요. 퀘스트 대화하다가 아예 움직이지 않는 경우도 있고요."," 2"
"42"," 왠만하면 글 안남기려하는데 미션보스 잡을때 기본공격후 이동이 왜씹히는지요? 오토 기본공격하다 이동누르면 움직여야하는데 안움직이고 멍때림. 일부러 보스를 못잡게 해놓은건지 과금을 더 하라는건지 몇십번을해봐도 똑같은 증상임. 그리도 밀어서 겜화면 넘기는거 제폰만그런건지 한번씩 먹통됨. 빠른수정 부탁좀 드려요. 제발요."," 1"
"43"," 대기열부터 해결을 해야지 이와중에 신규패키지나 내고있네;; 서버 관리도 못하면서 신서버만들면 모하나 2~3일뒤에 신서버도 대기열때문에 못들어갈텐데 캐릭생성제한 풀 생각도 없는것 같고 친구들이랑 같이 할수가 없네 매일 점검은 하는데 뭘한건지..점검하나마나 게임 못들어가는건 똑같은데;;;"," 1"
"44"," 대기열 없애시죠 재미도 없는데 대기열때문에 그나마 있는 유저 다 떠납니다! 접속해서 몹잡고 퀘 하는 게임이 아니라 접속을 기다리는 게임임 기본이 하루 반나절을 기다려야 접속이 되는 이 게임을 누가 하려고 할것인가.. 발열과 버벅임과 접속대기열.. 게임중에 최악입니다.."," 1"
"45"," 아니 게임이 입장도 안되고 타격감도없고 현질유도 너무심하고 강화로 장비날아가는건 너무 심한거 아닌가요? 아바타 확률도 이런수준이면 로또 수준이고...계발비 빨리뽑을 생각인거 같은데 이정도면 3개월도 안가서 망할듯... 직장인들은 기본적인 현질은하는게 현실이데 그이상은 안해요 대부분...근데 이게임은 너무심한거같아요 몇백은해햐강해질듯하네요,,.."," 1"
"46"," 도대체 멀 패치 한거냐 하루종일 대기타다가 이젠 이미 접속중이란다 고객센터 전화번호 찾기도 힘들고 본사 전화하니 그냥 삐~~~~~~ 장난 치나 이것들이 사람들 얼마나 잘참나 실험하는것도 아니고 기본적으로 고객센터 전번은 있어야지 이런것도 인터넷 디져가면서 시간 투자해야 하냐"," 1"
"47"," 설치도 오래걸렸는데 대기열 기다리다 오류나서 다시 한번 기다리다 결국 게임도 못해보고 지워버림ㅋ 서버 관리 제대로 못 할거면 서비스 하지 말지 좀? 서버만 수십개 만들어놓고 태반이 생성제한에 그나마 되는 혼잡서버는 대기열 몇백명에 대기열 줄어드는 속도도 한참 걸리고ㅋ 일부러 '우리 게임 이 정도로 인기많다!' 노이즈 마케팅 하는거임?"," 1"
"48"," 과금아니면 하기힘든게임 현생보다 노가다 더많이해도 보상이없음 (운이따르면 조금 운이없으면 보상도 없음) (참고로 직장인입니다) 이 게임 에서 느끼는건데 퀘스트 중간마다 현질 안하면 깰수없을만큼 강력한 보스가있음 이런 애들은 죽어가기 직전에 캐릭터 한방에 보냄니다 현질 하고 오라고ㅠㅠ"," 1"
"49"," 접속대기 1000명넘는거...언제 줄어듬?950명에서기다리다가 접속취소되고..다시 접하면 1200명넘고...접속못한지 24시간되어갑니다. 겜을 하라는건지 대기하라는건지... 삭제하라고 일부러그러는건가요? 게임 초반이라 안정화작업을 매일하는건 이해하는데. 매일하면 뭐합니까...접속이 안되는데 이제 웃음만 나옵니다ㅋㅋ.삭제하고 다시 깔고해도 같네요.ㅋㅋ지울께요~~돈 많이버세요"," 1"
"50"," ☆징징되는 불편불만사항☆ 1.시도때도 없는 점검 2.아이템 팔아 먹을려고 마나 물약이 없는겁니까? 3.유일하게 물약개판 회피기 없는 게임 4.오픈 시간대 들어가도 걸리는로딩과 대기자수 5.미리공지도 없이 다짜고짜 실행하는 서버점검 (삼대점검과 연장점검 재연장점검 등) 6.버그로 인해 과금도 따라 잡는 버그시스템 7.사람없을시 한퀘당 한번씩 물약사러 가는 게임 거기다 물약소지량이 적은 유저들은 뭐 같은 물약이랑 음식 사가며 왔다리갔다리 열심히 움직이시는 듯 8.몹잡으면서 나오는 돈에 비해 비싼 스킬가격! 9.대기자수로 인한 접속불가 ...전체 리뷰☆징징되는 불편불만사항☆ 1.시도때도 없는 점검 2.아이템 팔아 먹을려고 마나 물약이 없는겁니까? 3.유일하게 물약개판 회피기 없는 게임 4.오픈 시간대 들어가도 걸리는로딩과 대기자수 5.미리공지도 없이 다짜고짜 실행하는 서버점검 (삼대점검과 연장점검 재연장점검 등) 6.버그로 인해 과금도 따라 잡는 버그시스템 7.사람없을시 한퀘당 한번씩 물약사러 가는 게임 거기다 물약소지량이 적은 유저들은 뭐 같은 물약이랑 음식 사가며 왔다리갔다리 열심히 움직이시는 듯 8.몹잡으면서 나오는 돈에 비해 비싼 스킬가격! 9.대기자수로 인한 접속불가 1~6시간 이상 걸리는 게임 (들어갔다 튕기면 똑같은 패턴이겠죠?) 10.과금과 무과금의 스펙차이 11.무과금은 막히는 게임시스템!!! 12.현질 유도 게임 13.소통이 없는 게임 14.최악의 길드시스템(보상 받고 퇴출시킴) 15.몰려 있는 작업장 캐릭으로 인한 사냥, 퀘스트의 어려움 16.타게임에 비해 미미한 최소의 보상시스템"," 1"
"51"," 니니지 유저인데 오딘이 핫해서 놀러왔습니당. 소문대로 니니지와 유사한 부분이 많아서 입문때 어려움은 없었습니다. 방치형 사냥 기능이 있어서 맘에 들었습니다. 다만 대기열때문에 접속시간이 오래 걸립니다. 서버 획장한 후 서버 이전권을 주는 방향도 고려해보심이 좋을 듯합니당."," 3"
"52"," 소과금한 유저입니다. 소과금했지만 좋은 결과물나와서 좀 해볼까 했더니 다음날 대기열때문에 게임입장이 불가하네요. 와이프 캐릭은 pc로 대기 기다리게 해놓고 잠들었다가 오전에 확인해보니 아직도 대기. 왜 게임이 인던이나 마을에서 움직이는 캐릭보다 대기중인 인원수 줄어가는 화면을 더 많이 봐야하는건지요... 출첵은 당연히 포기고요 내 캐릭이 어떻게 생겨먹었는지조차 기억이 안나요 오딘 이게임ㅋㅋㅋㅋ 참 실망스러워요 카카오. 대단한 회사가 왜 이런 장난같은 게임을..."," 1"
"53"," 자 자 어떤게임인지 간단히 소개해드릴께요. 전사 궁수 법사 힐러 고르세요. 화려한그래픽으로시작합니다. (갓게임 GOD이 나옵니다) 일단 퀘따라자동이동을 시작하죠. 기능이 한개씩 오픈됩니다. 자동사냥도 가능합니다. 퀘스트 자동 이동도됩니다. 미미르라고 경치 골드 버프도있죠.피로도처럼 깍입니다. (동전넣고 충전가능합니다) 탈것두줍니다. 리*지 변신처럼 아바타도 줍니다. 직업별로 나누어져요. 경험치 슬슬 안오르고 딜부족하다 느끼시면, 과금10만원정도하시면 뽑기도 신나게 뽑을수있어요. 희귀템 뽑으시면 조금 쎄집니다. 영웅급뽑으시면 공지도 ...전체 리뷰자 자 어떤게임인지 간단히 소개해드릴께요. 전사 궁수 법사 힐러 고르세요. 화려한그래픽으로시작합니다. (갓게임 GOD이 나옵니다) 일단 퀘따라자동이동을 시작하죠. 기능이 한개씩 오픈됩니다. 자동사냥도 가능합니다. 퀘스트 자동 이동도됩니다. 미미르라고 경치 골드 버프도있죠.피로도처럼 깍입니다. (동전넣고 충전가능합니다) 탈것두줍니다. 리*지 변신처럼 아바타도 줍니다. 직업별로 나누어져요. 경험치 슬슬 안오르고 딜부족하다 느끼시면, 과금10만원정도하시면 뽑기도 신나게 뽑을수있어요. 희귀템 뽑으시면 조금 쎄집니다. 영웅급뽑으시면 공지도 떠요. 축하드려요. (스팀에서 압긍 오픈필드 RPG2~3개정도 살돈밖에안됩니다. 월급받으시는데 이정도는 술값도안되잖아요. ) 던전두 있구요. 자동 시스템 지원하는 단체결투장도있구요.절벽올라가서 활강도해보세요. 바람이 시원해요. (아코 안보이는벽에 박음..더이상못가네) 시작하고 하루지났는데 정겹고 지겹고 졸립고 그래요 별 반개는 안들어가지네요"," 1"
"54"," 7층 던전에서 잡을 수 없는 몹인데도 불구하고 도트뎀으로 파티 혹은 혼자 사냥하여 경험치의 이득을 취했고 과금을 하지않아도 폭업을 할수 있기에 레벨을 미친듯이 빨리 올림. 무과금의 통제게임이 시작될거라 예상 ----현재 상황--- 레벨달성 이벤트와 랭킹이벤트 나가리 기존유저 바보되고 7층이용유저는 어마무시한 렙업으로 미미르의유물을 아끼게 됨. 게임사에서는 아무런 조치를 하지도 않고 그저 의도와 달랐다는 공지만 달랑 남겨두고 입장을 막음. 유명스트리머나 큰손들은 제제를 피해갈 것으로 사료 됨."," 1"
"55"," 접속이 되야 별점을 주던가 게임을 즐겨보든가 할거 아닙니까... 사전예약은 어마무시하게 광고하더니 시작이 안되는건 무슨경우인가요!!! 대기열 외에 현상이 있으면 문의하라니요? 접속이 되고 게임을 해봐야 다른 이상현상을 찿을거아닙니까... 말도 안되는 답변말고 빨리대책마련 해보세요!!!"," 1"
"56"," 뭔 게임을 하라는건지 말라는건지 대기만 몇시간에 사전선점서버 아예 접속불가라 하지도 못했고 다른서버도 대기는 마찬가지. 대기가 많아서 접속이 안돼는데 뭘 하라는건지~그렇다고 접속대기 걸어놓고 폰으로 다른것도 못하죠?잠깐 웹툰이라도 보려면 바로 접속 끊겼다고 재접속. 그럼 다시 처음부터 대기. 하라고 만든 게임이긴 한거임?"," 1"
"57"," 그래픽 빼곤.. 내가 지금 이겜을 왜하는지를 모르면서 하는게임.. 진짜 수많은 RPG겜을 해봤지만.. 진짜 방치하고 시간다되면 다음날 또 방치돌리고.. 그냥이렇게 게임함 .. 뭐가 재미있는건지 1도 모르는 게임임 그냥 양산형 게임과 차이가 하나도 없음. 블소2 나오기 전까지 심심해서 돌리는 중임."," 1"
"58"," 서버 폭주? 로그인 대기만 두시간이 넘네.. 게임 하지 말라는거 아닌가? 대기하다 튕기거나 전화오고 그러면 대기 리셋에 주말에 지금 4시간째 대기중 이건 해도해도 너무하네.. 출석 체크도 못했음 운영자분들 대책좀 내놓으시죠.. 광고만 엄청 해서 기대했더니 서버마다 케릭도 따로키워야하고 접속 자체를 못하는데 하.. 정말 실망스럽습니다"," 1"
"59"," 패치든 점검이든 하고나면 왜 용량부족 뜨면서 업데이트 안됩니까 ㅡㅡ? 10기가 여유가 있는데...? 폰으로요 아진짜 이것때문에 재설치만 몇번을하는지 아오... 무슨오륜지 이것부터좀 잡아주시죠 좀있다 점검하면 또 재설치해야되잖아요 ㅡㅡㅡㅡㅡㅡㅡㅡ아오...싯파....욕나오네진짜"," 1"
"60"," 솔직히,, 겁나 기대했음 그러다가 광고가 전부일까 하는 생각에 기대감도 낮추고 일단 해보자 하고 플레이 중인데 인게임 메뉴보고 결국 리니지st 게임이구나 싶었음 심리스 맵에 맵 크기 넓고 그렇다고 하는데 솔직히 그래픽 최상으로 올려도 옆동네 사막 그레픽의 반도 못 따라감 이것저것 많이 줄라고 하는데 딱히 시원찮은 느낌에 전투 모션도 너무 일관적, 다른 디테일함에서 너무 부족한게 많음 폭포랑 강물, 해변 그래픽 보고 아니 뭐가 모바일 환경에서 구현할 수 있는 최대치의 그래픽을 보여준다고 하는지 모르겠음 전반적으로 개발자 인터뷰 때 심...전체 리뷰솔직히,, 겁나 기대했음 그러다가 광고가 전부일까 하는 생각에 기대감도 낮추고 일단 해보자 하고 플레이 중인데 인게임 메뉴보고 결국 리니지st 게임이구나 싶었음 심리스 맵에 맵 크기 넓고 그렇다고 하는데 솔직히 그래픽 최상으로 올려도 옆동네 사막 그레픽의 반도 못 따라감 이것저것 많이 줄라고 하는데 딱히 시원찮은 느낌에 전투 모션도 너무 일관적, 다른 디테일함에서 너무 부족한게 많음 폭포랑 강물, 해변 그래픽 보고 아니 뭐가 모바일 환경에서 구현할 수 있는 최대치의 그래픽을 보여준다고 하는지 모르겠음 전반적으로 개발자 인터뷰 때 심리스 맵이라는 거 빼고 만족할만한 퍼포먼스가 단 1도 없었음 결국 이게 한국 겜 현실인가 싶을 정도로 처참한 게임이라 생각됨 명작은 아니어도 수작은 됐음 했는데.."," 1"
"61"," 아니 하게끔 조치를취해주던가...대기열이 뭐저따구죠?! 기다리면 어느순간 렉생겨서 터치도 안먹고 1시간기다려서 봤더니 아직도 대기열이 세자리수고... 조치를 취해봐요~!!!!!!! 돈만 받아먹지말고!!!!!!!!!!!!!!!!!!!!!!!!!!!!!!!!!!!!"," 1"
"62"," 개떡같은 게임...이런껨 첨본다. 당췌 껨을 할수가 있어야 평가고 나발이고 하지. 접속 자체가 안되는데 뭔 껨 평가를 하냐? 돈 벌어먹고 싶으면 서버나 넉넉하게 좀 준비한 다음에 껨 출시해라. 여러분 이껨 하지 마요...절대로...암 걸립니다...3일안에 욕하면서 삭제한다에 손모가지 겁니다."," 1"
"63"," 현질안하면 못올라가는 게임. 30초반까진 무과금으로 가능하지만 그담은 현질해야 그나마 가능성이라도 보임 그냥망해라~ 벼룩만도 모기만도 파리만도 못한 게임이야 그래서 과감히 삭제한다. 지금까지 해봤던 게임중에 제일 저질스런 현질유도게임이다 다시한번 강조하지만 망하고 또 망해라. 개망하고 폭망해라 이걸 게임이라고 내놨냐 그래픽만 고사양이면 뭐하나 게임하루하고 나면 지겨운데 글구 과금은 왜이리 비싼지 모르겠네 꽤 장수하는 게임들의 과금의 2배수준인데 확률은 그겜들의 반의반도 안돼 빛만좋은 맛더럽게 없는 똥살구지 이런건 버립시다 삭제요망"," 1"
"64"," 대기열 문제 심각하네요... 카카오 정도 회사가 대기열 문제를 예측못했다는거는 말도 안될테고, 이건 의도적으로 이 상황을 유도했거나 아니면 게임 오픈 초반 불편함 개선에 투자를 더 할 생각은 없고 너희들이 감수해라 느낌이네요. 어차피 떨어져나갈 사람은 떠날테니 그때까지 버텨라?"," 1"
"65"," 대기열이 좀 있지만 소과금을 하면서 그래도 재미있게 해볼려고 햇습니다. 직장인이다보니 자동사냥 돌려놓는편인데 던젼은 방치모드가 안돼서 절전모드를 해놓고 잠깐 딴짓하면 튕겨있고 그럼 다시 접속하는데까지 한세월.. 이런 게임인줄 알앗으면 조금의 돈도 쓰지 않앗을거에요. 댓글보면 죄다 추후에 나아지겠다 이러는데 게임 노가다 수준에 비해 점검보상도 우는아이 달래듯 조금의 성의도 보이지 않는 보상들뿐이고.. 환불하고 싶습니다 환불해주십시오"," 1"
"66"," 도저히 짜증나서 못 하겠다. 대기인원 1500명에서 910명까지 기다렸는데 이후로 대기인원이 줄지 않아서 취소하고 다시 접속을 하니 보완이 취약하여 보호조치를 했놨으니 보호조치를 해제 하라 하네요. 이것까지 좋은데 보호조치해제를 하려고 다음게임아이디로 로그인을 하여도 해제가 안되네요. 정말 짜증나서 나원...."," 1"
"67"," 유저와 조금은 소통하는것같음 허나 중요한 고질적인 문제들을 방치하고있음. 1. 직업밸런스문제 현재 타직업과 소서리스의 차이가 너무 심함 특히 보스전때 근거리와 원거리의 차이가 없다는게 밝혀진 시점레서 스나이퍼와 팔라딘같은 후딜이 긴 직업들은 너무 불리함 2. 대기열문제 심리스월드라고 서버내 수용인원을 못늘리는건 이해가가는데 아직까지 차선책이라곤 하나도 찾아볼수없이 방치중임 이로인해 몇백씩 지른 과금러들도 대기열에 학을때 하나둘 접고있음 3. 언리얼엔진 페이탈에러문제 현재 수많은 유저들이 pc클라 플레이중 언리얼엔진 에러로 팅기는데 ...전체 리뷰유저와 조금은 소통하는것같음 허나 중요한 고질적인 문제들을 방치하고있음. 1. 직업밸런스문제 현재 타직업과 소서리스의 차이가 너무 심함 특히 보스전때 근거리와 원거리의 차이가 없다는게 밝혀진 시점레서 스나이퍼와 팔라딘같은 후딜이 긴 직업들은 너무 불리함 2. 대기열문제 심리스월드라고 서버내 수용인원을 못늘리는건 이해가가는데 아직까지 차선책이라곤 하나도 찾아볼수없이 방치중임 이로인해 몇백씩 지른 과금러들도 대기열에 학을때 하나둘 접고있음 3. 언리얼엔진 페이탈에러문제 현재 수많은 유저들이 pc클라 플레이중 언리얼엔진 에러로 팅기는데 심지어 이에러는 바로 재접속해도 자비없이 대기열에 걸리는 에러임 자주뜨는 유저는 하루에 2~3번까지도 뜬다함 그러면 대기열만 5시간을 기다리는상황 4. 내부테스트의 부재 요번 지하7층관련된 이슈만봐도 내부에서 50레벨이상 고컨텐츠들에 대한 사전테스트가 없었다는걸 입증함 베타테스팅이 없던 게임인만큼 신중을 요하였어야 했는데 정말 아쉬움."," 3"
"68"," 사전가입 해서 서버 선택하고 캐릭터 이름 만들어서 기다렸다 오픈되서 설치하고 한 번 해보고 두번째 접속했더니 서버 포화, 결국 다른서버에서 캐릭터 만들어서 처음부터 다시 시작, 세번째 접속했더니 서버 포화, 또 다른서버에서 세번째 캐릭터 만들어서 다시 처음부터 시작.. 준비도 안되어 있으면서 오픈은 해가지고 스트레스 만 만땅 채워주네요. 기본적인 사항도 준비를 안하고 바라기만 하는 이런 게임은 탈퇴."," 1"
"69"," 돈을써서 재미있게 게임을 했음..근데 한번 나가면 게임에 접속을 못함 ㅋㅋ 기간제 아이템들이며 다른 사람들은 다른 퀘스트 던전을 깨며 올라가는데, 본인은 접속을 못함 대기열 몇백명 뚫고 들어가면 점검 수시로 점검. 카카오 이름 달고 하길래 처음엔 그래픽도 좋고 그래서 인생게임이라고 정말 좋아함ㅋㅋ근데 게임 접속을 못함"," 1"
"70"," 서버들어갈려면길게는2시정도대기타야되는데 요새어떤게임이 대기를타고들어가나요?..이해가안되네.. 그리고사냥하는데MP가부족한데 MP포션이라도상점에서팔던가해야지..판매도안하고..푸쉬보상좀폭넓게좀해주세요 제발!!!서버접속좀한번에들어가게좀해줘요"," 2"
"71"," 대기열 2500 참나. 이렇게 운영하실꺼면 왜 캐시템으로 현질을 시킨건지 궁금하네요. 돈은 돈대로 받으시고 게임을 못하게 한다? 그건 사기인듯 한데요. 몇백부터 많게는 몇억 단위 현질한 헤비유저가 생각보다 많아요. 계속 이렇게 운영을 하시면 유저들이 그냥 지켜만보지는 않을듯 합니다. 만약이지만 런칭 초기에 집단소송과 같은 이슈로 언론에 노출되면 회복 불가능 할 정도로 브랜드 이미지에 타격을 받을 수 있습니다. 그전에 수습하길 바랍니다. 대책도 없이 게스트 계정은 왜 열어 놓은건지 정말 용감하네요."," 1"
"72"," 이 게임은 대기열때문에 접속자체가 불가능한 게임ㅡㅡ 과금을 해놓고도 접속을 못하는데 뭐할라고 여기다 돈썻는지 아까워 디지겠네요..ㅡㅡ 3시간째 대기열기다리는데 아직도 한시간은 더 기다려야 접속될거 같은데..... 제발 대기열좀 못고치나요? 이게 고치는게 그렇게 어려운 건가요? 로스트아크도 이정도는 아니었던것 같은데......"," 1"
"73"," 한마디로 과장광고에 속았습니다. 마치 날탈을 타고 자유롭게 탐방하며 즐길수 있게 만든것처럼 보이지만, 실상은 그냥 행글라이딩입니다. 오픈월드라고 해놓고는 맵끼리 포탈을 타고 가야하며, 운영에서도 막장 운영으로 권장하지 않습니다."," 1"
"74"," 현질 게임 입니다. 무슨 무과금은 무슨 물약도 답 없고 그냥 25부터 사람 질리게 합니다. 죽으면 경험치 떨어지는데 떨어지다가 0퍼 되면 레벨이 낮아집니다. 미친게임입니다. 현질 안하면 자동사냥하다가 갑자기 옆에 현질러한테 몇대 처 맞고 레벨도 낮아지고 멘탈도 박살납니다. 돈 많은분들 많이 하세요 ㅋㅋ 이걸 게임이라고 장비는 장비대로 맞추기도 힘들고 아바타는 무슨 확률이ㅋㅋㅋㅋ 대단한 게임 입니다. 저는 대단하지 못해 물러가보겠습니다. 핸드폰 용량 11기가 개이득 생겼네요. ㅋ"," 1"
"75"," 잘 만들고 좋은데.... 7일 출석 이벤트 오류가 있는듯해요. 7일 출석하고 마지막 유일상자를 받으려고 하는데 완료되어있네요.. 출석하고 바로 받지 않아서 그런건지.. 열심히하는 유저로써 이건 해결부탁드립니다. 운영자님 문제가 있는듯합니다."," 3"
"76"," 무과금게임 할려면 하지 마세요, 무기 방어구 엄청 안나오고 물약도 750개 소지 한정이라서 지금은 시작 필드에서 잡몹 잡고 하루에 20% 올리고 있는 사람입니다. 필드에서 파란색 이상 장비 절대 안나오고 돈주고 사야될판입니다. 퀘스트도 방어력이 딸려서 진행을 못하고 그냥 필드에서 잡몹잡고 물약사주고 지금은 날씨도 더운데 손날로 용도로 사용중입니다. 비추 합니다."," 1"
"77"," 리뷰 진짜 처음남긴다 세상에 점검 매일하는데 개선안되는 게임은 살다살다 처음 본다. 접속도 안되는데 드랍율은 최악이며 컨트롤 해봤자 다 처맞으며 현질해서 방어율높여 미션을 깨야하며 현질러들 무과금러 갭차가 이렇게 크게 느껴진다는 게임은 처음이다. 희망도없지만 계속되는 점검과 접속대기열때문에 있는정없는정 다 떨어지는 게임임.욕안쓰고 리뷰 쓴것도 내 스스로 칭찬 하고싶다. 5일정도 하면서 내 핸드폰 성능만 느려진거같고 발열때문에 해먹질 못하겠는데 이럴꺼면 그냥 PC게임으로 만들지 그랬냐? 돈에 환장한 XXX님들아 댓글보니 대기열 말이 ...전체 리뷰리뷰 진짜 처음남긴다 세상에 점검 매일하는데 개선안되는 게임은 살다살다 처음 본다. 접속도 안되는데 드랍율은 최악이며 컨트롤 해봤자 다 처맞으며 현질해서 방어율높여 미션을 깨야하며 현질러들 무과금러 갭차가 이렇게 크게 느껴진다는 게임은 처음이다. 희망도없지만 계속되는 점검과 접속대기열때문에 있는정없는정 다 떨어지는 게임임.욕안쓰고 리뷰 쓴것도 내 스스로 칭찬 하고싶다. 5일정도 하면서 내 핸드폰 성능만 느려진거같고 발열때문에 해먹질 못하겠는데 이럴꺼면 그냥 PC게임으로 만들지 그랬냐? 돈에 환장한 XXX님들아 댓글보니 대기열 말이 많은데 점검을 했다며? 프레이야8섭은 포화도 아니고 혼잡인데 대기열이2천명임? 점검으로 닫아놓고 회식하고왔나요?"," 1"
"78"," 접속자체가 너무 힘들어서 게임을 할수가 없내요. 이건 머 한번 할려면 8~9시간은 기달려야 들어갈수 있으니 작장인이나 일하는 사람은 게임 하지 말라는 뜻인거 같내요. 대기하다가 전화 오면 다시 리셋 그러면 또 대기열 1000명대...이건 이니라고 생각이 드내요."," 1"
"79"," 접속기다리다가 하루에 한번도 접속안되고... 스타터 과금했는데...환불요청각이네요 접속이 되야 뭐 다이아를 쓰던가하지... 재미없어서 접은겜은 있어도접속안되서 접은 겜은 처음인듯...접속하는데 새벽에도 최소 2시간은 걸리는듯 접속 쓰레기 겜!! 과금하지마세요 못 써먹어요~~"," 1"
"80"," pc로 접속 할려니 다음과 카카오 통합해야한다해서 통합을 했음 그리고선 접속 할려니 계속 통합하라고 뜨고 게임 자체를 접속할수가 없다. 내가 과금 않하길 참 잘한거 같다. 그냥 기존에 하던 게임이나 다시 해야겠다. 이게임은 그래픽만 좋고 나머지는 지루하고 폰으로 할려해도 대기자가 너무 많아서 접속을 하지못함 차라리 방치사냥 시간을 늘려주던지 딱8시간만 해놓으니ㅉㅉ 여하튼 더이상 관심이 없어짐."," 1"
"81"," 재미가 없어요.... 힐러 벨런스 거지임. 공격력이 낮으면 힐이라도 좋던가. 물약보다 못한 힐에 마나도 부족. 무슨힐러가 물약이 없으면 사냥이 안됨? 이런게임 첨보네요ㅋ 온갖 버그에 에러에.... 파티해도 힐러가 도움이 되긴커녕 짐이네요ㅋ 힐러 캐릭터를 어떻게 만들어야하는지 리니지를 보고 벤치마킹좀 하세요."," 1"
"82"," 솔직히 여기에 평가해본적이 없는데 해도해도 너무해서 남깁니다. 보스몹 플레이할때 공격 사정거리 밖이여도 맞고 마나물약 없는 mmorpg는 살면서 처음 보네요 ㅋㅋㅋ 걍 배터리 엄청 털리는 그런 mmorpg...ㅋ 그래도 정 하고 싶으시면 자동플레이 켜놓고 탱커로 멍때리시면 됩니다. ㅋ"," 1"
"83"," 대기열로 제대로된 서버운영도 안되고 중간에 팅기면 대기열 1000명...참.. 지하던전 이슈로 정상적인 플레이어인 저는 오딘 운영진측 운영 미흡으로 피해를 보고 이거 수정한다고 서버 갑자기 점검하더니 캐릭터 데이터도 꼬이는데 아직 오픈할 시기가 아닌거 아닙니까? 디테일하나도 신경 못쓰는 게임 환불요청합니다."," 1"
"84"," 재미있게 할만하다. 몇 가지 불편한건 있다. 몹 선택하는게 폰으로 힘들어서 수동 전투때 불편함이있다. 마나 포션이 없다. 이게 제일 불편 Hp포션의 수량 제한 현질하기에 효율에 비해 모두 비싸다. 등등 근데... 대기열 어째 안 됩니까? 2일째 게임 접속도 못하고 있음ㅡㅡ"," 3"
"85"," 장난하나.. 대기열 800명대 접속 하는데 10시간 켜놔도 못들어가고 코로나 안전문자 뜨면 네트워크 끊겼다고 다시 처음부터 접속하라고.. 서버이전을 시켜주던가.. 2일쩨 이짓만하고있네.. 결제한거 환불을 해주던가.. 게임에서 접속 때문에 열받기는 처음이네..환불 어떻게 합니까?"," 1"
"86"," 아!대기열때문에 대기타다 끝나는 유저들을 그 아까운시간들을 어찌보상하나요?누가 보상을 할가요?벌써3일쨉니다 첫날 경험해보이 괜찮다 싶어 뭐좀 해보려니 접속조차 안되는 이겜을 해야하나요 그만두는게 옳을가요? 관계자께서는 유저들이 원하는 시간에 언제든지 즐길수 있도록 최선을 다하셔야 할것같구요 대기열!빠른 조치당부 드립니다.많은 유저분들이 바쁜시간 쪼개서 즐기려하는데<U+11A2> 즐길수있도록 개발 하셨으니 더 이상 시간허비 하지않도록 조치 부탁드립니다"," 4"
"87"," 디아블로 이모탈, 나아가 로스트아크,패스오브액자일 등과같은 과금유도없는 모바일갓겜 출시즉시 오딘은 처 망할게임이란걸 알고있었는지, 과금유도가 상당하며 서버관리가문제인지, 자잘한 랙과 버그,대기시간.등등 아쉬운부분이많고 한심,괘씸. 답글달지마세요. 어차피망할게임"," 1"
"88"," 시작은 들떠서 했으나 도중 느낌은 진짜 욱하게 만드네요 무슨 왠종일 대기만 하노.ㅋ 그것도 왠종일 해보겠다고 보고 있는 자신이 참~~~~ 2틀째 다~~~~진짜 환불 요청 할려하니 뭐 삐집고 들어갈 곳이 없네 아 씨~ 차별 하나 아님 서버를 옴길수있게 해주던지요 쫌~"," 1"
"89"," 과금 유도가 너무 심합니다. 그리고 퀘스트 진행 방식이 전형적으로 개 빡치게합니다. 예를 들며니 1. 양 잡아와. 잡고 오면 2. 점박이 양도 잡아와. 잡오면 3. 검은 양도 잡아. 이런식이 계속 반복입니다. 아바타나 탈것에 대한 의존도가 너무 심하고 장비드랍도 극악인데 강화는 안전강화 이상은 하락도 아닌 파괴입니다. PC로 이거 할바엔 로아 하세요"," 2"
"90"," 서버당 인원을 어느정도 제한을 둬야지 오는대로 다 받아놓고 대기때문에 접속자체가 안되니 ..접속안되 신섭갔더니 인제 신섭 대기가 더기네 머 또 신섭가요?가면 뭐해 낼이면 그섭대기가 더길건데 .대기열 때문에 신규서버를 만들어? 그럼 머빠지게 키운 케릭은 어짜누?케릭 신서버로 옮겨주나요? 저는 이만 하차 접속대기때문에 얼마 못했지만 즐거웠습니다..다들 즐껨들 하세요"," 1"
"91"," 거미 죽이려다가 마우스 집어 던지고 게임 지웠습니다 게임 진짜 더럽게 만들어 놨네요 아예 돈을 안쓰면 진행이 안되나요? ㅋㅋㅋㅋ 무슨 몬스터가 저 멀리서 스킬을 쓰는데 제가 어떻게 맞죠? 회피도 안되고 컨트롤로 잡을수도 없으면 그냥 돈 써서 장비 뽑고 그렇게 깨야되는 건가요? 진짜 중국보다 게임 못만드네요 참 ㅋㅋㅋㅋ"," 1"
"92"," ㅋ 이제는 리뷰도 삭제하시는가 보네요. ㅎㅎㅎ조금전에 리뷰 작성하고 다시 수정할려고 했더만 작성된 리뷰가 사라졌네 . 이젠 별짓을 다하누만 ㅋㅋㅋㅋ 대기열 때문에 벌써 2일동안 게임에 접속을 하지 못하고있는데... 30까정 키워 놨더만 .. 대기열 타다가 네트워크 오류나면 다시 처음부터 ㅋㅋㅋ 대기열 숫자는 더 늘어나 있고 다른 게임은 대기열 있어도 조금만 기다리면 되는데 이건모 하루종일 기다려도 안되니 ... 완전 뭣 같은 게임... 그나마 나는 결제는 안했지만 결제해놓고 접 못하는 사람들은 모냐? 세상에 게임을 하라는 건지 하지...전체 리뷰ㅋ 이제는 리뷰도 삭제하시는가 보네요. ㅎㅎㅎ조금전에 리뷰 작성하고 다시 수정할려고 했더만 작성된 리뷰가 사라졌네 . 이젠 별짓을 다하누만 ㅋㅋㅋㅋ 대기열 때문에 벌써 2일동안 게임에 접속을 하지 못하고있는데... 30까정 키워 놨더만 .. 대기열 타다가 네트워크 오류나면 다시 처음부터 ㅋㅋㅋ 대기열 숫자는 더 늘어나 있고 다른 게임은 대기열 있어도 조금만 기다리면 되는데 이건모 하루종일 기다려도 안되니 ... 완전 뭣 같은 게임... 그나마 나는 결제는 안했지만 결제해놓고 접 못하는 사람들은 모냐? 세상에 게임을 하라는 건지 하지 말라는 건지 ㅋㅋㅋ 게임참 드럽게 잘 만드엇네? ㅎㅎ 2일동안 더 기달려보고 수정 안되면 삭제.... 툇"," 1"
"93"," 무슨 대기열이 말도 안되게 되잇습니까?? 소소하게 한달에 30~50씩 현질하면서 할려고 인기상품 구매하고 하는데 접속이 되야 겜을 하지 마누라한테 간신히 허락받고 달달이 겜현질 허락받앗는데 와 진짜 너무 하네...마누라한테 현질 허락받을려고 오픈하기전부터 ppt만들어서 재출하고 노력햇는데 와....허무하네;;;;그리고 7층 이게 왠말입니까??운영이 너무 이상합니다;;"," 1"
"94"," 초반 재미있었다 근데 새섭만들고 그곳에 인원분배하려고 전섭 대기인원 뻥튀기에 인원털기가 이루어지고 생성제한은 운영진이 게임을 하는 사람인지가 의심스럽다. 이런류의 게임은 아는사람끼리 같이하는데 그냥 고객을 대가리수 채워주는 숫자채우기 정도로 생각하지 않고서야 장난하는것도 아니고. 그리고 서버 평준화하려고 인원털어내기 할려면 적당히 하던가 섭점검 직후 서버 원활에도 110명 시간 몇시간 지나고 혼잡에도 120명 대기타는거면 지금 서버에 몇명 인원제한 두고있는거냐? 서버는 니네가 더 만들어놓고 피해는 우리가 보라고? 서버크기를 늘리는게...전체 리뷰초반 재미있었다 근데 새섭만들고 그곳에 인원분배하려고 전섭 대기인원 뻥튀기에 인원털기가 이루어지고 생성제한은 운영진이 게임을 하는 사람인지가 의심스럽다. 이런류의 게임은 아는사람끼리 같이하는데 그냥 고객을 대가리수 채워주는 숫자채우기 정도로 생각하지 않고서야 장난하는것도 아니고. 그리고 서버 평준화하려고 인원털어내기 할려면 적당히 하던가 섭점검 직후 서버 원활에도 110명 시간 몇시간 지나고 혼잡에도 120명 대기타는거면 지금 서버에 몇명 인원제한 두고있는거냐? 서버는 니네가 더 만들어놓고 피해는 우리가 보라고? 서버크기를 늘리는게 돈이 더 들어가니까 싼마이로 서버 갯수나 늘리고 이미 하던사람이나 형성된 커뮤니티 다 개무시하고 아몰라 대기인원 뚫고 하던가 아님 신섭으로 가던가 이러고 있냐? 카카오게임 간만에 나와서 운영 감이 안잡히면 외주를 주든지! 엔씨겜 불매한다고 오딘한다고 하는사람 많은거 아냐? 나도 그랬는데 이거 엔씨보다 더한놈들이네.. 그냥 엔씨불매 관두고 블소2나 할란다"," 1"
"95"," 게임을 할 수 없다. 컨트롤이란게 있는가 싶다. 케릭터 움직임이 조잡하다. 마법을 마음대로 쓸 수 없다. 이벤트가 구리다. 렉이 있다. 유료템 값이 비싸다. 커스터 마이징이 아쉽다. 이것 빼곤 나머지 쏘쏘 역시 믿고 거르는 카카오게임"," 1"
"96"," 업뎃되고나서계속접이안되요..대기만벌써3시간째...뭡니까?계속켜놓고있을수도없는노릇인데지금은잠깐쉬고있어이렇게라도접해보려고하나일다니게되면아마도접지않을까쉽네요..접종하고다시접을하니접이안되니겜을즐길수가없네요...빨리이것부터개선이필요합니다...무슨대기시간이이리길어요..어이가좀없고황당하네요..겜을하라는건지말라는건지..겜접이리안되는건또첨이네요...ㅡㅡ;;;"," 2"
"97"," 그래픽, 파티플레이 및 레이드 부분을 강조했던 게임. 무소과금도 충분히 즐길 수 있는 게임이라고 했던 것 같은데 실제 뚜껑을 열어보니 하루이틀이면 벽을 느끼게 해놨네? 그리고 버그가 왜이렇게 많아? 선판정 장판에 근거리 보스가 원거리 타격을? 한참 떨어져있는데 쳐맞고 있네? 무빙도 안돼, 그렇다고 장판보고 피할 수도 없어. 참 게임 재미나게 만들었네요. 오딘 롱런해서 돈 많이 벌고 싶죠? 그럴려면 박리다매하세요. 한순간 바짝 땡겨서 재미 보려고 하지말고 10년이상 운영하겠단 생각으로 과금모델 만들고 버그도 수정하고 유저들 게임 내 ...전체 리뷰그래픽, 파티플레이 및 레이드 부분을 강조했던 게임. 무소과금도 충분히 즐길 수 있는 게임이라고 했던 것 같은데 실제 뚜껑을 열어보니 하루이틀이면 벽을 느끼게 해놨네? 그리고 버그가 왜이렇게 많아? 선판정 장판에 근거리 보스가 원거리 타격을? 한참 떨어져있는데 쳐맞고 있네? 무빙도 안돼, 그렇다고 장판보고 피할 수도 없어. 참 게임 재미나게 만들었네요. 오딘 롱런해서 돈 많이 벌고 싶죠? 그럴려면 박리다매하세요. 한순간 바짝 땡겨서 재미 보려고 하지말고 10년이상 운영하겠단 생각으로 과금모델 만들고 버그도 수정하고 유저들 게임 내 습득 가능한 재화나 재료들로 스펙업 하는 거에 허들 만들어서 과금 하게 하는 얇팍한 꼼수 BM으로 채우지말고! 왜 리니지 아류작 소리 들을 게 뻔한 BM을 가져와요? 자존심도 없나?"," 1"
"98"," 그래픽만 좋음 버벅거림, 발열, 현질유도 모든게 엉망임 로아모바일을 기다려야겠다 K-모바일겜은 답이없음 제일 심각한건 성의없는 퀘스트디자인임 하얀소 잡아와, 검은소 잡아와 다잡았어? 다음은 하얀양 잡아와, 검은양 잡아와 다잡았어? 다음은 하얀임프 잡아와, 검은임프잡아와 ㅋㅋ 진짜 누가 퀘스트디자인 했는지는 몰라도 알아서 퇴사하고 개발직 그만둬라"," 1"
"99"," 접속이 되야 뭘 하지. 대기 한때라지만 짜증. 옷 장비 디자인 개구림. 거적때기야 뭐야. 템변화없는게 지루함. 뽑기 개 창렬. 그냥 이걸 왜 공들여서 사예하고 기다렸나싶다. 제작자들 한테 묻고싶다. 만족하냐?뿌듯해? 니라면 돈 쓸래?"," 1"
"100"," 겜은 자잘한 버그에도 그럭저럭 할만한데 점검 공지 띄우면 욕먹을까봐 접속대기로 막아놓고 작업하냐? 대기자 9천명 9만명도 아니고 9백명대... 주말이라 사람 몰려서 그렇다치고 누가 이기나 끝까지 기다려봤다. 18시간 이상 기다리니 42명까지 줄더니 42명에서 절대 안내려감. 주말에 게임 하지말란 소리여 머여? 대기 포기하고 다시 접해보니 900명대 에라이 캭~ 퉤~ 매일 출석체크하기도 힘든 게임. 평일 3~4시간 대기는 애교였군 ㅋㅋ"," 1"
"101"," 게임,스토리,해상도 다 좋습니다.게임도 재미 있고요.근데 접속이 하루종일 기다려야되고 접속할때마다 800~900명 대기 해야 되고 이런부분을 개선하고 빨리 해결을 해주셔야 될꺼 같습니다.계속 접속대기만 하다 겜을 할수가 없어요!"," 3"
"102"," 장점. 그래픽 좋음. 단점. 게임을 할수가 없음. 접속 불가능. 개발자 성의 1도 안보이는 뻔한 노가다 퀘스트. 요즘 유저들을 뭘로보고. 하얀소잡아와. 검은소 잡아와. 빨간소 잡아와. 이딴 거지같은 퀘스트만 남발하고 있는지..이게 진짜 2021년에 나온 게임임? 창의력도 없고. 성의도없는...또 또 또 똑같은 수준의 게임.."," 2"
"103"," 게임 접속을 전 서버가 대기열있고 대기열 줄어들지않는 상태 .. 오늘 10분.. ? 정도 하고 접속도 못하고 .. 후.. 아무리 인기 게임이라지만... 다른 게임들도 똑같이 사람많아도 이렇게까진 대기열없습니다. 빠른 개선없으면 대기열 겁나서 뭐 하겠습니까 오랫만에 게임 좀 할려다 속이 꽉 막힘을 느껴보네요.."," 2"
"104"," 일단 해봤는데, 과금유도는 잘 모르겠으나 수동으로 시점을 바꿔가며 사냥을 해야하는 점, 또한 월등한 그래픽에 비해 조작성이 떨어진다는 점이 좀 맘에 안드네요. 저는 수동으로 직접 버튼 눌러가며 사냥하는게 좋은데 이건 뭐..타겟팅도 일일이 해야되고 공격도 자동으로 나가는데 수동컨트롤인 척하고 있는 부자연스러움은 참... 타격감은 나쁘지 않아요. 근데 딱 그정도. 좋지도, 나쁘지도 않네요. 어딘가 박력있는듯 하지만 밋밋한 모션과 타격감은 기다린 맛이 없다는 생각마저 들게 만듭니다."," 2"
"105"," 지금시간이 새벽3시넘었는데 대기열수가 7600명 입니다. 게임을 하라고 만들어 놓은건지 대기열 숫자떨어진거 보면서 숫자공부 하라는건지 캐릭한번 만들면 두번째 접속은 해볼수가 없네요. 서버에 캐릭 생성불가 했으면 만들어진 캐릭은 접속이 원할하게 돌아가야 하지않나요? 답변은 죄다 똑같은 말뿐인듯 개선될 모습이 보이지가 않네요."," 1"
"106"," 광고를 보며 기대많았던 게임이었고 커스텀마이징이 부족했으나 처음 필드와 캐릭들 그래픽에서 상당히 맘에 들었었습니다. 더빙도 잘되있어서 좋았구요. 근데 그게 끝입니다. 어색한 전투모션 / 장비템 변경시 캐릭변화X / 심한 배터리소모 및 발열 / 대부분사람들이 싫어하는 아인하사드 등등 여러문제점들이 많드라고요. 과금이 너무 창렬하다 확률이 쓰레기인거는 극복할 방법이 존재합니다. 제2의 나라도 비슷한 BM이라도 여러 이벤트를 통해 뽑기권을 지급하며 무기제작 천장시스템을 통해 무과금이라도 접근할 수 있도록 하고있습니다. 근데 오딘은 오픈접...전체 리뷰광고를 보며 기대많았던 게임이었고 커스텀마이징이 부족했으나 처음 필드와 캐릭들 그래픽에서 상당히 맘에 들었었습니다. 더빙도 잘되있어서 좋았구요. 근데 그게 끝입니다. 어색한 전투모션 / 장비템 변경시 캐릭변화X / 심한 배터리소모 및 발열 / 대부분사람들이 싫어하는 아인하사드 등등 여러문제점들이 많드라고요. 과금이 너무 창렬하다 확률이 쓰레기인거는 극복할 방법이 존재합니다. 제2의 나라도 비슷한 BM이라도 여러 이벤트를 통해 뽑기권을 지급하며 무기제작 천장시스템을 통해 무과금이라도 접근할 수 있도록 하고있습니다. 근데 오딘은 오픈접속이벤트임에도 한두장 뿌리거나 골드 및 주문서 지급이 끝입니다. 어짜피 본인들이 확률 나락만들었으면 10뽑정도는 뿌릴 수 있다고봅니다. 한번 뽑기의 맛을 본 유저들이 과금을 더할경우도 상당히 있으니깐요. 미끼도 없이 대어를 어떻게 잡을겁니까? 유투버들에게 광고뿌려서요? 트릭스터도 20000원정도 지르면 14일정도 접속하거나 하면 30뽑은 할수있어요..."," 2"
"107"," 일단 거지같은 카메라 구도. 극악의 뽑기와 아이템 드랍 확률. 회피기 없이 보스와 1대1일 맞다이 구도. 지루하고 단순한 퀘스트. 엠없는 스킬트리. 그래픽만 좋을뿐 내가 10년전에 한 테라보다 떨어짐 ㅋㅋ 결론은 양산형 과금유도 쓰레기 게임"," 1"
"108"," 유료 결제도 했는데.... 접속하려고 들어가면 대기열만 나오고 기다리면 중간에 네트워크 오류로 끊어지고.... 사람이 많이 몰렸다고는 하지만 너무 심하네요...매일 들어가야 결제한거 받을수있는데...아예 들어가지를 못하고 있어요..ㅠ.ㅠ"," 1"
"109"," 해당 게임을 실행하고자 할 때 서버 접속 대기시간이 길며, 심한 경우는 접속을 못하고 배터리 소모 및 배터리 성능 저하가 있을 수 있으며 데이터가 무제한이 아닐 경우 데이터 요금이 과청구 될 수 있습니다. 이점을 빨리 개선해 주시길 바랍니다."," 1"
"110"," 대체 이게임은 뭐지? 대기열로 인해 게임 진행하려면 수 시간을 기다려야되니 게임자체 실행이 어려워 게임을 하지 못하는데 과금한 돈이 아깝다. 게임버그로 그것을 이용한 일부유저는 광랩하고.. 게임사는 제대로된 서비스를 제공하는 조건으로 유저과금 등 제공받지 않나요? 대체 내 돈 써가면서 게임도 진행하지 못하는지요? 대기열로 인해 게임서비스를 제공받지 못한다면 사측이 고객에게 제대로된 서비스 제공을 못한다는거니 환불방법이나 알려주세요."," 1"
"111"," 이게임은 패치할수록 버그가 심하고 발할라대전했다가 버그때매 심지어 이기고도 보상도 못받고 팅기질않나 ..대기는 또 어찌나 긴지ㅋㅋ게임을 도무지 할 수없게 만들어놨네요. 돈많고 시간많은 백수들만 할수 있는 겜ㅋ뭐하나 제대로 된게 없단 느낌..여태 겜하면서 mp부족해서 스킬못쓰는경우도 첨 보고 심지어 mp물약도 없을뿐더러 기본강화 이후 강화실패시 무조건 장비파괴ㅋㅋㅋ유저들 좌절감만 주는 허접한 게임임"," 1"
"112"," 별한개도 아깝다.. 대기열땜에 결제해놓고 ..정말잠깐즐기고..하루기본 8~9시간을 대기열로 사람분통터지게하니..이게 게임인가요??발열도 못잡아서 하루종일 핸드폰이 터질라하고..아니 얼음물통에대고 게임해야돼는현실..ㅡ진짜..머하는선지 모르겟네요 환불신청하고 갑니다. 환불이라도 제대로 해주십쇼 님들한텐 별거아니지만 이게임을 기대하고 손꼽아기다리던 한유저로써 적은돈이지만 그만큼 정성들여 결제햇다는점 잊지마시고 피눈물나게하지마시고 환불이라도 확실하게 해주시길바랄뿐입니다."," 1"
"113"," 오픈전 사버와 케릭선택유저인데 선택서버 대기많아서 그냥 추천서버 새로캐릭만들어서햇는데 3일만에 서버대기 1000명이상, 대기중 장기간통화나 장기간 화면보호되면 ""재접속""맨트뜨고 재접속 눌러도 접속안되고 계속재접속만뜸..... 끝내 이틀간 접속못함... 관리자분 알고계신가요?? 게임은 그렇게 유저관리못해서 유과금 유저들 떠나가고 게임 망 가는겁니다.... 신규게임을 이틀이나 접속을 못한다는게 말이되나요?? ㅎㅎ 어이상실"," 1"
"114"," 좀해보려고 했더니 한서버에 몇명이 접속을하길래 대기인원이 이렇게 많나요 원활한서버 가보면 대기 1300명 포화가보면 대기 250명 이거 정확한건가요?게임 접속을할수있게 좀 해보세요~? 쓸데없이 서버만 많지 접속을 할수있는데가 없네요~^^ 그래서 별하나 드립니다~"," 1"
"115"," 먼 사전예약해놓고 접하는데만 대기 2시간... 머할라고 사전예약을하는건지... 별 한개두 아까움 다른 유저들도 접하려고 기다리는건지 몰라도 이런건 첨 봅니다~ 또 장난치나!! 해임달서버오픈 어쩌라는건지... 접을해야 깸을 하던지 할꺼 아님니까? 접이 안되는데 막 욕하고싶은 깸임!!! 또 욕나오게하넹 머 어쩌라는건지 접속이되야 멀하든하는데 이건 머... 한달이나 지나고 유져들 다빠져나감 그때 다시 시작해야하나?"," 1"
"116"," 아쉽다.. 뛰어난 그래픽과 광활한 맵, 끊김없는 오픈월드 게임. 1년 넘게 기다린 게임. 하지만 도대체 재미가 없다. 이 게임만의 특별한 재미가 없다. 사람들은 아바타에 혈안이 되어있을뿐.. 뽑기 뽑기 또 뽑기.. 이런 최고의 게임을 갖고도 이렇게 구닥다리 운영밖에 못한다는 사실이 안타깝다. 그나마 2점 준것은 운영과 별개로 게임을 잘 만들었기에 드림."," 2"
"117"," 우선 그래픽은 좋다 그러나 폰 발열 심하고 내폰터지는줄. 미션도 현질 안하면 깨기 힘듬 현질하는 사람들 남고 무과금 사람들 하다 말들 디아블로 나온기전까지 할려고 했는데. 하던 겜이나 하다가 디아 나오면 해야할듯. 인터넷 보니 오니지 라고 하는데. 리니지가 더 낫네. 이놈에 나라겜들은 현질 하게 만들어서 난 외국겜만 함. 현질해도 소액해도 뒤쳐지기 않으니. 이겜도 현질 한사람들만 남겠네. 참고로 이겜 깔려고 하는게 아니라. 우리나라 겜도 다른나라 처럼 현질 소액으로 하면서 재미 있게 했으면 바램으로 씀.."," 1"
"118"," 게임 재밋게 즐기고있던 유저입니다. 정말 다 좋습니다 잘 만들었다생각하여 2일만에 200만원이넘는금액을 과금했습니다. 그런데 이놈에 대기열은 날이 갈수록 오래걸리고 직장인들이 일하면서 자동사냥을 할수있는 장점에 모바일게임을 이용하는것인데 무슨 한번접속할때마다 2시간씩기다려야하나요? 게임을 내가 줄서서까지 해야하나 싶고 많은 모바일게임하면서 이런게임은 처음봤습니다. 정말로 대기열기다리고있을때마다 정떨어집니다. 각종 버그패치들도 중요하지만 전 대기열이 가장 심각하다고 생각합니다. 기다릴때마다 너무 정 떨어집니다. 대기열 문제 빨리 해결...전체 리뷰게임 재밋게 즐기고있던 유저입니다. 정말 다 좋습니다 잘 만들었다생각하여 2일만에 200만원이넘는금액을 과금했습니다. 그런데 이놈에 대기열은 날이 갈수록 오래걸리고 직장인들이 일하면서 자동사냥을 할수있는 장점에 모바일게임을 이용하는것인데 무슨 한번접속할때마다 2시간씩기다려야하나요? 게임을 내가 줄서서까지 해야하나 싶고 많은 모바일게임하면서 이런게임은 처음봤습니다. 정말로 대기열기다리고있을때마다 정떨어집니다. 각종 버그패치들도 중요하지만 전 대기열이 가장 심각하다고 생각합니다. 기다릴때마다 너무 정 떨어집니다. 대기열 문제 빨리 해결해주시던지 무슨 방안이라도 세워서 유저들이 알게 공유를 해주시던지 대기열 해결 못하실거 같으면 환불이라도 해주세요. 보통 저같은 직장인들이 매일2시간씩기다리며 접속을 할 수가 없습니다. 게임이용을 못하는데 계속 이런식일것 같으면 환불부탁드립니다."," 1"
"119"," 하루 만에 지운 겜은, 오딘이 처음입니다. 초반 부터 벽이 느껴져서, 현질을 고려했습니다만, 효율도 너무 낮아보여 삭제합니다. 게임에 관심을 안 가지고, 천천히 즐긴다 생각하면 해볼만 할수도 있겠으나, 대체 불가 완성도 높은 게임도 아니므로, 손절합니다. 솔직한 마음으로, 기대 많이 했었기에 실망도 크네요."," 2"
"120"," 현재 토요일 저녁. 세시간째 접속 대기 중인데 이게 정상이냐 지금??? 중요 컨텐츠 시간에 대기가 이렇게 오래걸려버리면 게임 하지말라는거지? 접속이 되야 뭘 할꺼 아니냐 어? 이따위로 해놓고 환불은 또 절대 안해주겠지 저 긴 대기 시간을 어떻게 하지않는 이상 별점 1점도 아깝다. 게임을 해야 별점을 주지 안그러냐?"," 1"
"121"," 특정 던전의 치명적인 오류로 정상적인 게임이 불가능 할 정도로 캐릭터간의 밸런스가 붕괴되었습니다 레벨의 차이가 매우 크게 나게되었고 무엇보다 잦은점검과 대기열로 인하여 원활한 게임이 불가능하여 구매한 아이템으로 게임을 정상적으로 이용하기 어렵습니다 환불해주세요"," 1"
"122"," 리뷰 왜 삭제하셨는지..대기열 길다고 불편사항 쓴게 리뷰삭제하실 일이라면 답변이라도 제대로 해주세요..소통을 부탁드리니까 불통으로 답하지 마시고.. 대기열은 항상 500~600명선이고 모든서버가 그런 상태라면 대충 진짜 우리나라인구 절반이상이 하는건가요.."," 1"
"123"," 무쟈게 과금해야... 이건탈것에 스킬까지 리니지2m하는 유저로서 정리하고 갈아탈까 싶었는데 ㅋㅋ 그럴 이유가 없음 ㅎㅎ 운 영 자 님 과금요소가 들하다고 소개하지 않았나요? 요즘은 구라가 대세인가봄 ㅎㅎ 우선 무과로 조금더해보고 다시 리뷰올림!!!!!"," 1"
"124"," 게임을 좋아하고 여러회사 어러가지 게임을 다해본 유저로서 이건 너무 심한거같네요 무슨 게임한번 하려면 몇시간째 대기타고 대기타도 접속을 못하고 끝네 꺼야하고 이렇게 유저가 몰리고 이럴꺼라 예상했으면 월드를 키우고 컨덴츠를 늘리고 오픈을 했던가 이런 상황이 만들어졌으면 채널을 늘리던 뭔가 조치을 빨리 취하던가 카카오라는 대기업에서 이정도밖에 대처를 못한다는게 실망스럽고 현질까지해가며 시작한게 후회스럽고 접고싶네요 차라리 완성도가 조금 떨어져도 언제든 접속해서 즐길수 있는 중소기업 게임글이 더 좋을듯 싶다는 생각이 많이 드네요 유저들 ...전체 리뷰게임을 좋아하고 여러회사 어러가지 게임을 다해본 유저로서 이건 너무 심한거같네요 무슨 게임한번 하려면 몇시간째 대기타고 대기타도 접속을 못하고 끝네 꺼야하고 이렇게 유저가 몰리고 이럴꺼라 예상했으면 월드를 키우고 컨덴츠를 늘리고 오픈을 했던가 이런 상황이 만들어졌으면 채널을 늘리던 뭔가 조치을 빨리 취하던가 카카오라는 대기업에서 이정도밖에 대처를 못한다는게 실망스럽고 현질까지해가며 시작한게 후회스럽고 접고싶네요 차라리 완성도가 조금 떨어져도 언제든 접속해서 즐길수 있는 중소기업 게임글이 더 좋을듯 싶다는 생각이 많이 드네요 유저들 환불해주고 게임운영 접었으면 합니다 별하나도 아깝네요!!!!!!!! 매일 접속 안되서 스트레스 받고 돈은 돈대로 쓰고 이 모든건 카카오측에서 운영을 잘못한것이니 환불해주는것이 정당하다고봅니다"," 1"
"125"," 접속이안되고 서버도 포화가되고 렉이너무심하고 2시간째기달려도 안들어가지고..새로나와서 이런거는이해하는데 최대한빨리 개선좀부탁드립니다 출석도몇일못하면 불이득인데..보상해주시는것도아니고..그리고서버에사람이많아지면 확팅겨요.."," 1"
"126"," 갤럭시 Z 폴드2 사용자입니다. 해당 게임을 플레이 할때 불편한점이 이만저만 아닙니다. 조이스틱이 화면 가운데 있어서 진짜 짜증나구요. 보스 스킬 범위 보고 피한다고 피했는데 데미지는 고스란히 다 들어오구요. 최고사양 폰으로도 최고사양 그래픽 안돌아갑니다 리니지m이랑 비슷합니다."," 1"
"127"," 대기열이 2000명이 넘어요.. 게임을 선착순으로 하다니ㅜㅜ 대기하는 게임인가요.. 주말에는 주말이라 사람이 몰리고 평일에는 행운으로 게임에 접속하지만 서버점검을 어중간한 시간대에 해서 튕기고... 서버만드시는 것도 좋은데 그럼 키우고있던 캐릭터는 버려라는 건가요..서버이전권이나 지금 있는 서버를 늘리던가 나눠서 게임은 하게 해주면 좋겠어요! 저는 게임은 할만해요~뭐 이것도 할말많지만 일단 대기열부터 어떻게 해보는걸로...;;"," 2"
"128"," 꿀팁)카카오계정 로그인분들 패치하고 알 수 없는 오류 로그인 안되거나,이미 로그인중 뜨는분들 많으시죠? 1.게임삭제 2.카카오톡 프로필 관리☞계정관리☞연결된 서비스☞오딘 들어가도 오딘은 지금 로그아웃 기능이 없어요.3.2번은 패스하시고 비밀번호 변경하셔야해요.비밀번호 변경후 전부다 로그아웃 하시겠습니까?(예) 누르시고 오딘 다시 깔고 로그인 후 접속하시면 됩니다.즐거운 게임들하세요!"," 5"
"129"," 게임사는 과금 유저든 아니든 고객들에게 최상의 서비스를 제공해야 하는 서비스업이라 본다. 서비스를 제대로 제공하지못한다면 욕먹는게 당연하다 귀막고 있지 말고 현사태 파악이나 잘해라 이미 민심은 나락 가기 시작했다 1. 각종 버그 출현 및 어뷰징에도 안일한 대처 2. 소통의 부재 - 유저 의견 무시 3. 게임이 안정적으로 할 수없는 환경 4. 일주일된 게임 긴급 점검 임시점검이 몇번인지 모를정도임 - 게임 개발사 및 운영진들의 능력치 한계 5. 최대 20강 무기 강화확률 6강에서 50퍼 7강에서 20퍼 이하 6. 대기열문제 해결 요청...전체 리뷰게임사는 과금 유저든 아니든 고객들에게 최상의 서비스를 제공해야 하는 서비스업이라 본다. 서비스를 제대로 제공하지못한다면 욕먹는게 당연하다 귀막고 있지 말고 현사태 파악이나 잘해라 이미 민심은 나락 가기 시작했다 1. 각종 버그 출현 및 어뷰징에도 안일한 대처 2. 소통의 부재 - 유저 의견 무시 3. 게임이 안정적으로 할 수없는 환경 4. 일주일된 게임 긴급 점검 임시점검이 몇번인지 모를정도임 - 게임 개발사 및 운영진들의 능력치 한계 5. 최대 20강 무기 강화확률 6강에서 50퍼 7강에서 20퍼 이하 6. 대기열문제 해결 요청에도 개무시 7. 오픈베타보다 못한게임 .. 환불절차 공지하고 유저 기만 행위에대해 사과 해라."," 1"
"130"," 아이템 주는것도 없고 치유힐러는 데미지도 안나오는데 mp도 구입할수도 없고 완전 거지같음 현질을해도 최대0.01%임 좋은거나올확률 아바타거지같은것만 나옴 하라고 나온게임인지 죽으라고 나온게임인지 필드나 던전에서 보스몹 잡아도 주는 아이템 1도 없음 죽으면 경험치 깎이고 게임하면서 스트레스 겁니받음 스킬북도 비싸고 사도 mp가 없으니 있으나 마나함 핸드폰 발열은 어찌나심한지 10분만돌려도 터질꺼같음 -.-;;;"," 1"
"131"," 이게임은 오로지 자동클릭 사냥과 아바타의 디자인이 전부인 게임입니다. 스토리는 몰입이 되지않으며 이게임을 시작한후 해야할건 그저 퀘스트 따라가기가 끝입니다. 정말 재미가 없습니다. 그래픽 좋습니다. 손맛 없습니다."," 1"
"132"," 별 1개도 과분한 게임 아닌가 싶은 게임. 우선 접속을 맘대로 할 수 없는게 가장 큰 단점이다! 대체 얼마나 기다려야 접속을 할 수 있는건지ㅋ 게다가 장비 파괴 시스템으로 인해 과금 요소가 다분하다 못해 도가 지나친게 아닌가 싶을 정도이다! 파괴 시스템은 이해한다! 하지만 이 겜은 좀 너무하다ㅎ 궁금하신 분들은 직접 해보시면 이해 되실겁니다!! 투력을 높이고 싶다면 엄청나게 운이 좋거나 현질을 많이 해야 할 듯! 그래픽? 글쎄.... 움직임도 그냥 그렇고 어떤점이 뛰어난건지 모르겠다! 게다가 글씨체는 왜그리 작게 해놨을까? 내 시력...전체 리뷰별 1개도 과분한 게임 아닌가 싶은 게임. 우선 접속을 맘대로 할 수 없는게 가장 큰 단점이다! 대체 얼마나 기다려야 접속을 할 수 있는건지ㅋ 게다가 장비 파괴 시스템으로 인해 과금 요소가 다분하다 못해 도가 지나친게 아닌가 싶을 정도이다! 파괴 시스템은 이해한다! 하지만 이 겜은 좀 너무하다ㅎ 궁금하신 분들은 직접 해보시면 이해 되실겁니다!! 투력을 높이고 싶다면 엄청나게 운이 좋거나 현질을 많이 해야 할 듯! 그래픽? 글쎄.... 움직임도 그냥 그렇고 어떤점이 뛰어난건지 모르겠다! 게다가 글씨체는 왜그리 작게 해놨을까? 내 시력은 1.2 이상인데 알아보기 힘들다ㅎ 운영 방식이 바뀌지 않는다면 오래 즐기기 힘들것 같다!"," 1"
"133"," 오우쉣 흑우게임 입니다. 기간제펫(유료) 도감시스템 제가 한건 아니고 친구만났을때 해본다 하길래 폰빌려줬는데 실수로 결제를 했다고 하네요. 저는 어차피 할생각도 없던 게임이고해서 친구한테 괜찮아 환불 받으면되 라고 안심시키고 요청을 했는데 답변조차 없음 ㅡㅡ 큰액수는 아니나 내가 하지도 않았거니와 결제후 바로 친구가 결제됬다고 문자온거 말해서 바로 환불 조취를 취했으나 답변조차없음 결제취소 방법을 찿느라 약간의 시간은 소요 되었으나 그시간동안 몹한마리 는커녕 뭘한것도 없고 환불 요청이후로 건들지도 않음 48시간이네 답변을 준다고 했...전체 리뷰오우쉣 흑우게임 입니다. 기간제펫(유료) 도감시스템 제가 한건 아니고 친구만났을때 해본다 하길래 폰빌려줬는데 실수로 결제를 했다고 하네요. 저는 어차피 할생각도 없던 게임이고해서 친구한테 괜찮아 환불 받으면되 라고 안심시키고 요청을 했는데 답변조차 없음 ㅡㅡ 큰액수는 아니나 내가 하지도 않았거니와 결제후 바로 친구가 결제됬다고 문자온거 말해서 바로 환불 조취를 취했으나 답변조차없음 결제취소 방법을 찿느라 약간의 시간은 소요 되었으나 그시간동안 몹한마리 는커녕 뭘한것도 없고 환불 요청이후로 건들지도 않음 48시간이네 답변을 준다고 했으나 답변조차없고 다시한번 말하지만 큰금액은 아니지만 돈은 크든작든 버리는건 아니라고 생각하고 기부했다치기에는 내가 하지도 않은 그냥 무시하면 떨어지겠지하는 이런 게임에 기부를 해야하냐는 생각이 떠나질 않음 여러분 생각해서 말씀 드리는 겁니다."," 1"
"134"," 별하나도 아깝다.. 서버를 확충만하냐.. 아 대기열 .. 아니 가챠만 엔씨에서 배웟나.. 운영방법은 안 가르쳐주디..? 가챠질랏는데.. 접속이 되야.. 게임을 하지.. 이거 환불 안해주냐.. 이걸 보시는 법쪽에 일하시분 안계신다요.. 대기열 해결못하면서 가챠 팔아 처 드신거는.. 사기 아닌가요? 이거 단체로 민사라도 해야하나. 제발 처 팔아 먹을 생각만 하지말고.. 운영점 하거라 광고란 광고는 다 하면서.. 니네들 이따구로하면 유저들 몇일이나.. 기다려 줄꺼라 생각하냐.. 정신차려라.. 작것들아.."," 1"
"135"," 인기좋아서 대기열 점검은 ..응 인정.겜잘만들어놓고 욕먹네요 .근데 직업 밸런스가 x친거아님?탱 힐 좀 살리고.. 그리고 겜 오픈전에 다 검토하고 겜좀돌려보고 출시좀. 버그야 출시후 자꾸나온다고하지만 캐릭밸런스는 출시하고나서 막 조절하는정도면...문제가 심각한듯합니다"," 1"
"136"," 별 하나도 아깝네요...... 원래 별점도 주지 않으려 했습니다. 초창기부터 서버 관리를 못해 접속에 제한이 있고, 서버접속 대기기간도 만만치 않네요. 중국산 양산형 게임도 이정도는 아닐껍니다. 운영 초기부터 이렇게 개판이면 사전 예약한 사람으로서 실망감만 드네요."," 1"
"137"," 점검을 하지않으면 접속조차하지 못함. 점검끝나고 접속해놓고 꺼지면 다시 못들어감. 대기인원이 줄어들지 않음.ㅡㅡ 마을에 가만히 서있는 케릭(실제 자동사냥하다가 죽은듯) 엄청 많고 오토돌리는 케릭은 매우 매우 매우 많은것으로 추측됨. 관리가 안됨. 쓴돈이 아까움. 비추함."," 1"
"138"," 이건 하라고 만든 게임이 아니다. 공식 커뮤니티에서도 대기열과 컨텐츠 오류, 버그들에 대한 이야기가 참 많이 나온다. 그중에서도 대기열은 대기열을 없애기위한 선택이 아닌 서버를 늘리는 선택을 했다. 사람이 넘쳐나는 서버는 현재 1천명이 넘는 사람을 기다려야하는 것이 현실이고 하루종일 대기열을 기다려도 게임을 즐길 수 없는 것이 현실이다. 게임이 나온 첫날 과금을 한 것에 참 후회를 많이 하고 있다. 게임 개발사 분들이나 운영하는 카카오게임즈에게 현재 게임이 정상적으로 운영이 된다고 생각하는지 물어보고 싶다."," 1"
"139"," 처음엔 거의 안해보고 평가했는데 어느정도 플레이 해보고 작성합니다. 1. 서버렉, 접속등 겜하기가 상당히 어렵습니다. 대기열 뚫고 접속하려면 15~30분정도 걸립니다 2. 점프기능 없애고 구르기 기능으로 바꿔주세요. 점프 개노쓸모 3. 무빙으로 몬스터 공격 피해도 맞습니다. 어이가 없더군요ㅋㅋ 4. 어느정도 투자를 하고싶어도 패키지 가격이 개비쌉니다. 그리고 마땅히 살만한것도 없구요"," 3"
"140"," 아...주말이라 그런가요...접속대기 인원이 너무 많아 게임접속 엄두도 못내겠네요...토요일부터 계석 못하고있습니다 서버 확인해보니 적은 서버 수 도 아닌데 케릭생성후 랜덤으로 고른 서버가 맨날 포화서버 라니 이거참.......한참 재미좀 붙일려고할때인데....이렇게 접속 하기 힘이들면 곤란합니다 ..린지 유저들께서 다 이쪽으로 넘어오신건가 ...이긍...."," 1"
"141"," 깝깝하다..패치를 설치하는데도 기기용량을 처음설치 수준으로 체크하는지, 20기가 이상을 확보해야 설치부터 패치까지 가능하다(용량이 얼마나 필요한지, 부족한 용량은 얼마나 되는지도 없음). 서버목록 리프레쉬는 현황만 업데이트 되는게 아니라 화면 자체를 리프레쉬 해버리니 밑에는 어떤 서버가 있는지 확인도 안된다. 똑똑하지 않은 사람들이 만든 것 같다."," 1"
"142"," 게임자체에 들어갈수가없다. 대기인원 걸려서 계속 기다리기만할뿐 내가키운캐릭을 다신볼수없게되었다. 아마 나뿐만아니라 다른유저도 이문제로인해 게임을 할수없는 문제가 생기지않았을까 생각이든다 정말 게임한번하기 어려운 게임이다 뭔가 조치가 필요하고 이부분에 대해서 개선이 필요할것같다"," 1"
"143"," 대기열 조작아닌가? 생성 제안걸고 작업장 컷! 빨리하고 하면 서버 리부팅하고하면 원활한 게임이 될텐데 대기600명넘고 기다리다 대기열 취소되고 스트레스!! 점더 지나면 다들 실망하고 떠날텐데 서버만 늘리고 있으니 뒤에 섭들은 유령될듯 싶은데 주목 받고 싶나? 어차피 린m 시리즈 게임 모티브인데 ㅡㅡ 실망이 크내요 ㅠ ㅠ"," 1"
"144"," 패치 이후부터 네트워크 연결이 계속 끊어졌다고 하며 접속이 안 되네요. 그 전에는 대기열 때문에 몇 시간을 대기했었어야 하고 온라인에선 러스티하츠가 모바일에선 듀랑고가 많이 심하다고 생각했었는데 이건.... 접속 자체가 안 되면 어떻게 해야하나요"," 1"
"145"," 하루 게임 플레이 권장 시간이 있는 건지 포션때문에 진행이 안되네요. 포션이 심각하게 부족합니다. 마을에서 구매 가능한 체력포션 개수가 정해져있고 마나포션은 따로 없습니다. 구매가능한 채력포션 또한 가장 소량의 체력을 채워주는 포션입니다. 650개 전부 구매해서 사냥을 떠나요. 하지만 몹이 한 두 대 치면 포션 하나는 먹는 수치라 포션은 엄청 빨리 닳습니다. 게다가 사냥을 하다보면 그나마 몹을 빠르게 녹이는 스킬도 mp부족으로 사용 불가능하게되고 평타로만 사냥을 진행하게 되는데.. 몹이랑 아주 정직하게 딜교하다 포션 다 닳으면 방법...전체 리뷰하루 게임 플레이 권장 시간이 있는 건지 포션때문에 진행이 안되네요. 포션이 심각하게 부족합니다. 마을에서 구매 가능한 체력포션 개수가 정해져있고 마나포션은 따로 없습니다. 구매가능한 채력포션 또한 가장 소량의 체력을 채워주는 포션입니다. 650개 전부 구매해서 사냥을 떠나요. 하지만 몹이 한 두 대 치면 포션 하나는 먹는 수치라 포션은 엄청 빨리 닳습니다. 게다가 사냥을 하다보면 그나마 몹을 빠르게 녹이는 스킬도 mp부족으로 사용 불가능하게되고 평타로만 사냥을 진행하게 되는데.. 몹이랑 아주 정직하게 딜교하다 포션 다 닳으면 방법이 없어요. 확인해보면 죽어있습니다ㅋㅋㅋ 그럼 그날은 게임 못해요. 포션 없어서. 죽으면 패널티도 있고 돈 내고 패널티 없애야하는데 돈이 넉넉하지도 않아요 방치시간 8시간이란 시스템도 공존하는 게 아이러니에요. 포션량때문에 8시간은 택도 없는데 왜 이런 이상한 방식이 공존하는걸까; 과금유도? 그리고 보스몹 스킬은 장판표시 피해도 딜 들어옵니다. 발열도심함"," 3"
"146"," 오픈 베타도 아니고 하루에 한 번씩 2~6시간 오류 수정 점검을 하는 이 게임 운영팀은 도대체 무슨 생각인가요? 게임 플레이에 지장이 없는데 별거 아닌 오류면 모아서 하세요 사전 예약 400만명에 광고 열심히하시더니 준비를 어떻게 하셨는지 초반 서버 터지고 갑작스런 생성인원 제한과 신섭 투입하시고, 운영 정말 못하시는 것 같습니다. 게임은 할만한데, 파티 퀘스트 공유도 안되고 발할라에서도 그렇고 여럿이 같이 하는 것에서 재미가 안 느껴집니다."," 2"
"147"," 노트 10+ 사용중입니다. 와이파이에서는 잘 되는데, 데이터연결하면 ""현재 네트워크 접속이 끊어졌습니다. 다시 접속하시겠습니까?"" 하는 알림이 뜨면서 정상적으로 접속이 되지 않고 있습니다. 빠르게 수정 부탁드립니다 ."," 1"
"148"," 접속대기중 튕김현상 발생 이후 내케릭터 접속상태라는 글이뜨며 접속 안됨. 혹시모르는 마음에 다른섭케리터 만들고 다시 본섭 접속함... 역시나 접속중이란 글뜨며 접속이 안됨... 아이템도 구매해 놓았는데 접속 안되면 보상이라도 해야하는거 아닙니까?"," 2"
"149"," 오늘 처음 앱깔은 유저입니다.뭐,유저도아니네요. 기기의 용량이부족하다고하여 앱을10개나 지우고들어가도 기기의용량이부족하다고뜹니다. 하..진짜 짜증납니다.그리고 제가 안들어가지는데 화를 잘 참는성격도아니고..진짜 왜이러는지 답좀."," 1"
"150"," 뭐그냥다른겜하고방식,겜운여거의다별차이없는데그래픽만쓸데없이최고사향으로만들어갓고정작필요한게임의진면목은없는것이최대의실수다아직보스 던젼(뭐요것은있는지모르겟는ㅣ데별거아닐듯)결투장(결투는몃레벨에만들라고줄창퀘스트,노가다만하게하냐?이거저거아직아무것도실행하기힘들다면강화확률+6 을확20+로올려놋고아이템제조해서붙히는시스템만들면하기편할탠데지금있는아이템제조이거뭐하자는거여?이벤트로제조돌줘봣자다쓰래기인데운영자씨맘고쳐먹고머리좀잘굴려봐요 강화확률100%장비레벨업으로바꾸고 퀘스트스토리 3~2지역마다 보스배치해서 실력좀키우게만들어봐여 그러고 서버대항전 개최해서 배타...전체 리뷰뭐그냥다른겜하고방식,겜운여거의다별차이없는데그래픽만쓸데없이최고사향으로만들어갓고정작필요한게임의진면목은없는것이최대의실수다아직보스 던젼(뭐요것은있는지모르겟는ㅣ데별거아닐듯)결투장(결투는몃레벨에만들라고줄창퀘스트,노가다만하게하냐?이거저거아직아무것도실행하기힘들다면강화확률+6 을확20+로올려놋고아이템제조해서붙히는시스템만들면하기편할탠데지금있는아이템제조이거뭐하자는거여?이벤트로제조돌줘봣자다쓰래기인데운영자씨맘고쳐먹고머리좀잘굴려봐요 강화확률100%장비레벨업으로바꾸고 퀘스트스토리 3~2지역마다 보스배치해서 실력좀키우게만들어봐여 그러고 서버대항전 개최해서 배타고나가서싸우는 진짜바이킹 처럼싸우는 스토리가되야된다니까 이대로가면유저 반이상빠지고 서버2개로통합되고 나중에 게임운영 이관이니 ~~~어쩌고하면서접게된다니까 블레이드 망한꼴보고도 정신못차린다진짜 넷마블 ncsoft 따라하지말라니까!"," 2"
"151"," 방금 1시간전 접속 대기열과 관련된 리뷰를 작성했는데 그 사이에 삭제하셨네요. 헤임달 5 서버 12시 반에 접속하였을때 300명대의 대기였습니다. 그러나 오후 3시쯤 100명 이하로 떨어진이후 2시간 동안 변화가 거의 없습니다. 현재 5시간 대기중이며 약 50명 정도 대기 인원이 남았습니다. 7시 30분까지 대기 인원 37명 존재하고 2시간 동안 20명 조차 빠지지 않았습니다. 이는 방치모드에 의한 서버 접속자 문제로 생각이 됩니다. 접속하지 않는 사람을 위하여 8시간 동안 접속 할수 있게 해 주고 정작 게임을 플레이 하기 위하여 ...전체 리뷰방금 1시간전 접속 대기열과 관련된 리뷰를 작성했는데 그 사이에 삭제하셨네요. 헤임달 5 서버 12시 반에 접속하였을때 300명대의 대기였습니다. 그러나 오후 3시쯤 100명 이하로 떨어진이후 2시간 동안 변화가 거의 없습니다. 현재 5시간 대기중이며 약 50명 정도 대기 인원이 남았습니다. 7시 30분까지 대기 인원 37명 존재하고 2시간 동안 20명 조차 빠지지 않았습니다. 이는 방치모드에 의한 서버 접속자 문제로 생각이 됩니다. 접속하지 않는 사람을 위하여 8시간 동안 접속 할수 있게 해 주고 정작 게임을 플레이 하기 위하여 대기 하는 사람은 5시간 넘도록 대기만 하게 하는것이 어떠한 이득이 있는지 무슨생각인지 이해가 되질 않습니다. 이는 방치모드의 접속시간을 수정하여야 대기 시간이 감소 할수 있는 방안이라고 생각합니다."," 1"
"152"," 과금해야하는건 알고있어서 불만없는데 관리/운영이 개그지같음, 신규겜이니 게임내 버그야 차근차근 잡아간다지만 기본적인 운영버그가 개작살남 사전예약 실컷해놨더니 사전예약 안되는 버그부터 접속대기 100명대 3시간동안 접속안되고, 접속대기마쳤더니 접속중입니다 버그로 기다린시간 날려먹고 겜도 아예 접속안되고 중요한건 이러한 버그당한 유저 보상을 걍 점검 전체보상으로 퉁치고 개별보상은 전혀없음 승질드러운사람은 하지말어 졎같음"," 1"
"153"," 그래픽은 볼만함. 피씨버전 키맵핑 해 놓은것도 좋음. 그치만 겜을 하게 만들어 줘야지 포션 하나에 체력 30회복? 체력이 천이 넘는데? MP포션은 왜 없어요? 마나없어서 평타만 치고 있네. 바이킹 시절이니 칼질로만 몹잡으라는 컨셉인가요? 이러면 인정이네요.그냥 현질 없으면 그냥 겜하지 마세요. 신의 영역 오딘이 아니라 도박 및 현질의 신 오딘! 개발비 350억이라서 그거 뽑으려고 이렇게 만드셧나 300억은 회식비인가요?"," 1"
"154"," 0. 리뷰삭제하지말아주세요. 1. 무과금, 소과금은 게임 초반하고 바로 막힙니다.. 메인퀘스트도 깰 수 없어요. 컨트롤? 사정거리멀리있어도 무조건 피답니다. 2. 말도안되는 확률의 가챠. 말그대로 희귀등급은 희귀합니다.ㅋㅋ 근데 희귀정도안되면 진행못해요. 3. 제작재료.구하기힘듭니다. 마을의뢰보상 중 랜덤뽑기입니다. 이것도 확률최악이에요. 그냥 돈질러서 다른분들이 거래소올린거 사는게 빠릅니다. 4. PK게임. 자동돌리고있다보면 누군가 때리고있고 자동으로 반격해서 죽이면 이름빨개짐. 그리고 마을가면 경비한테 죽습니다.마을가는 퀘있으면...전체 리뷰0. 리뷰삭제하지말아주세요. 1. 무과금, 소과금은 게임 초반하고 바로 막힙니다.. 메인퀘스트도 깰 수 없어요. 컨트롤? 사정거리멀리있어도 무조건 피답니다. 2. 말도안되는 확률의 가챠. 말그대로 희귀등급은 희귀합니다.ㅋㅋ 근데 희귀정도안되면 진행못해요. 3. 제작재료.구하기힘듭니다. 마을의뢰보상 중 랜덤뽑기입니다. 이것도 확률최악이에요. 그냥 돈질러서 다른분들이 거래소올린거 사는게 빠릅니다. 4. PK게임. 자동돌리고있다보면 누군가 때리고있고 자동으로 반격해서 죽이면 이름빨개짐. 그리고 마을가면 경비한테 죽습니다.마을가는 퀘있으면 풀릴때까지 사냥돌려야함. 5. 근데 이모든게, 게임접속이되어야 경험할수있습니다., 접속보상이건 뭐건, 돈날려요. 근데 과금없이 플레이못합니다. 근데또 그렇게 과금해도 접속이 안됩니다ㅋㅋㅋㅋ 6. 환불해주세요."," 1"
"155"," 1시간을 기다려도 대기 500명 이럴거면 서버당 계정생성을 제한했어야지 돈에 눈멀어서 유저들 막때려 넣고 대기하게 만들어 이겜이 인기가 좋다고 선전하려하냐? 그리고 비행기도 이코노미, 비지니스, 퍼스트가 있다. 이건 뭐... 안한다 안해"," 1"
"156"," 게임 스토리는 좋으나..결제까지 해가면서 하는데 대기열 3천 그럼 게임을 하라는건가요?하지말라는 건가요..? 이것부터 개선을 해야할거같네요.pc대기열도 계속 그 앱다운해서 소리도 엄청큰 소리들으면서 있어야 대기열접속해지고 유툽보면 그냥 대기열 그대로 정말...불편합니다.. 얼른개선좀해주세요."," 1"
"157"," 오랜 시간 동안 접속되지 않아서 , 시작화면으로 넘어갑니다. 라고 뜨면서 게임이 접속이 안되네요... 설치를 몇번 지우고 다시 설치도 해봤으나 불가능하네요. 어플리케이션 > 오딘 > 저장공간 > 데이터 , 캐시 삭제 또한 하였으나 되질 않네요. 음... 게임이 실행이 안되는게 이해가 안되네요. 진짜...ㅋㅋㅋ 사전예약에 아이디까지 독점해놨는데 로그인이 안되서 못하는건 쫌 아니지 않나요..."," 1"
"158"," 1. 경험치 40배 버그를 악용한 유저들이 PVP가 가능한 지역을 점거할 수 있도록 게임 개발사가 나서서 도와주는 게임. 2. 버그 악용자에 대한 제재는 커녕, 버그를 이용하지 않은 일반 유저들은 엔드 컨텐츠를 이용할 수도 없게 만들어버림 3. 새벽 3시에도 대기열이 뜨는 갓겜. 4. 무과금은 유저는 커녕 개돼지로도 안 보는 갓개발사임. 잠재적인 고객이 아니라 핵과금 유저들의 원활한 플레이를 방해하는 요소 정도로만 취급하는 듯한 느낌을 받음"," 1"
"159"," 은근히 버그가 많더라 공격범위 밖에 있는데 맞는가하면 어떤 공격들은 보스랑 얼마나 떨어져 있던간에 확정적으로 맞음... 그리고 퀘스트 자동으로 돌려놓으면 잡아야 하는 몬스터랑 전혀 관계 없는 비선공몹을 잡고 앉아 있음. 겜에서 버그에 둔하고 신경 잘 안쓰는 본인마저 이건 좀 아니다라고 처음으로 생각하게 만듬. 그리고 겜들어가는데 수십분 기다리게 만드는건 아니라고 봄. 어떤 분들은 수시간기다리시더라. 쨌든 단점 말하고자 한다면 끝도 없음... 정리하자면 장점: 그래픽은 좋음 단점: 그래픽만 좋음 와... 7층지하감옥때문에 겁나 불타네...전체 리뷰은근히 버그가 많더라 공격범위 밖에 있는데 맞는가하면 어떤 공격들은 보스랑 얼마나 떨어져 있던간에 확정적으로 맞음... 그리고 퀘스트 자동으로 돌려놓으면 잡아야 하는 몬스터랑 전혀 관계 없는 비선공몹을 잡고 앉아 있음. 겜에서 버그에 둔하고 신경 잘 안쓰는 본인마저 이건 좀 아니다라고 처음으로 생각하게 만듬. 그리고 겜들어가는데 수십분 기다리게 만드는건 아니라고 봄. 어떤 분들은 수시간기다리시더라. 쨌든 단점 말하고자 한다면 끝도 없음... 정리하자면 장점: 그래픽은 좋음 단점: 그래픽만 좋음 와... 7층지하감옥때문에 겁나 불타네 정도가 있지 몹하나에 10만이 말이 되냐? 그것도 일부클래스는 편법써서 쉽게 잡을수 있고?... 이건 빠르게 패치하는게 맞는거 같은데 공지고 뭐고 아무것도 없다는건 문제 있는거 같은데 애초에 겜 대충낸거 아니냐 이정도면? 오류도 많고 이런 변수도 바로 터지고 ㅉㅉ"," 1"
"160"," 첫날 예약한 서버에 캐릭을 만들고 과금결제를 했는데 다음날부턴 아예 들어가지지가 않네요. 그래서 신섭이 나왔길래 다시 캐릭을 만들고 게임을 시작하려니 역시나 하루만에 또 포화상태가 되고 매번 대기자만 천명이 넘습니다. 대기상태 켜놓고 한시간 기다려야 50명 줄더군요. 정말 아무런 대책 없이 게임 만드신걸로 보입니다. 과금결제하고 게임을 못하면 어찌하나요. 저와 같은 분들이 많으리라 보이네요. 고객센터에 환불요청도 하긴 했지만.. 진짜 이정도 되면 다 환불해주셔야되는게 맞다고 사려됩니다. 빠른 환불처리 부탁드립니다. 게임 사전예약 첫...전체 리뷰첫날 예약한 서버에 캐릭을 만들고 과금결제를 했는데 다음날부턴 아예 들어가지지가 않네요. 그래서 신섭이 나왔길래 다시 캐릭을 만들고 게임을 시작하려니 역시나 하루만에 또 포화상태가 되고 매번 대기자만 천명이 넘습니다. 대기상태 켜놓고 한시간 기다려야 50명 줄더군요. 정말 아무런 대책 없이 게임 만드신걸로 보입니다. 과금결제하고 게임을 못하면 어찌하나요. 저와 같은 분들이 많으리라 보이네요. 고객센터에 환불요청도 하긴 했지만.. 진짜 이정도 되면 다 환불해주셔야되는게 맞다고 사려됩니다. 빠른 환불처리 부탁드립니다. 게임 사전예약 첫날에 바로 예약하고 오래 기다렸는데.. 게임도 못하고 실망이 너무 큽니다. 이정도의 대책은 마련해 두셨어야되는게 아닌가요? 그렇다고 공개적인 사과도 없네요. 그저 아쉬울뿐입니다."," 1"
